type,n_upper,l_upper,label_upper,n_lower,l_lower,label_lower,A_s-1,idx_upper,idx_lower
bund_to_bund,10,-1,n10(bund),9,-1,n9(bund),71552.9165,1,0
bund_to_bund,11,-1,n11(bund),9,-1,n9(bund),28146.64962809917,2,0
bund_to_bund,11,-1,n11(bund),10,-1,n10(bund),43791.590661157024,2,1
bund_to_bund,12,-1,n12(bund),9,-1,n9(bund),14277.543506944443,3,0
bund_to_bund,12,-1,n12(bund),10,-1,n10(bund),17749.903430555554,3,1
bund_to_bund,12,-1,n12(bund),11,-1,n11(bund),28004.78976388889,3,2
bund_to_bund,13,-1,n13(bund),9,-1,n9(bund),8196.487414201183,4,0
bund_to_bund,13,-1,n13(bund),10,-1,n10(bund),9236.166982248522,4,1
bund_to_bund,13,-1,n13(bund),11,-1,n11(bund),11639.61950295858,4,2
bund_to_bund,13,-1,n13(bund),12,-1,n12(bund),18579.31205325444,4,3
bund_to_bund,14,-1,n14(bund),9,-1,n9(bund),5082.557051020407,5,0
bund_to_bund,14,-1,n14(bund),10,-1,n10(bund),5420.274979081633,5,1
bund_to_bund,14,-1,n14(bund),11,-1,n11(bund),6189.062082653063,5,2
bund_to_bund,14,-1,n14(bund),12,-1,n12(bund),7888.61823979592,5,3
bund_to_bund,14,-1,n14(bund),13,-1,n13(bund),12716.324392857143,5,4
bund_to_bund,15,-1,n15(bund),9,-1,n9(bund),3327.1678933333324,6,0
bund_to_bund,15,-1,n15(bund),10,-1,n10(bund),3426.0176715555554,6,1
bund_to_bund,15,-1,n15(bund),11,-1,n11(bund),3701.2413115555555,6,2
bund_to_bund,15,-1,n15(bund),12,-1,n12(bund),4273.220277777778,6,3
bund_to_bund,15,-1,n15(bund),13,-1,n13(bund),5499.222133777779,6,4
bund_to_bund,15,-1,n15(bund),14,-1,n14(bund),8939.277053333335,6,5
bund_to_res,9,-1,n9(bund),1,0,1S,214377.77777777775,0,0
bund_to_res,9,-1,n9(bund),2,0,2S,31270.740740740737,0,1
bund_to_res,9,-1,n9(bund),2,1,2P,90360.74074074073,0,2
bund_to_res,9,-1,n9(bund),3,0,3S,10508.518518518518,0,3
bund_to_res,9,-1,n9(bund),3,1,3P,34141.358024691355,0,4
bund_to_res,9,-1,n9(bund),3,2,3D,44450.41975308642,0,5
bund_to_res,9,-1,n9(bund),4,0,4S,4938.518518518518,0,6
bund_to_res,9,-1,n9(bund),4,1,4P,16332.086419753085,0,7
bund_to_res,9,-1,n9(bund),4,2,4D,27649.135802469133,0,8
bund_to_res,9,-1,n9(bund),4,3,4F,25715.876543209873,0,9
bund_to_res,9,-1,n9(bund),5,0,5S,2786.9259259259256,0,10
bund_to_res,9,-1,n9(bund),5,1,5P,9194.716049382716,0,11
bund_to_res,9,-1,n9(bund),5,2,5D,16875.172839506173,0,12
bund_to_res,9,-1,n9(bund),5,3,5F,22443.88888888889,0,13
bund_to_res,9,-1,n9(bund),5,4,5G,17817.017283950616,0,14
bund_to_res,9,-1,n9(bund),6,0,6S,1766.9629629629628,0,15
bund_to_res,9,-1,n9(bund),6,1,6P,5782.481481481481,0,16
bund_to_res,9,-1,n9(bund),6,2,6D,10907.506172839505,0,17
bund_to_res,9,-1,n9(bund),6,3,6F,16600.537037037036,0,18
bund_to_res,9,-1,n9(bund),6,4,6G,20029.62222222222,0,19
bund_to_res,9,-1,n9(bund),6,5,6H,15605.952716049382,0,20
bund_to_res,9,-1,n9(bund),7,0,7S,1212.7777777777776,0,21
bund_to_res,9,-1,n9(bund),7,1,7P,3928.827160493827,0,22
bund_to_res,9,-1,n9(bund),7,2,7D,7448.3456790123455,0,23
bund_to_res,9,-1,n9(bund),7,3,7F,12024.179012345678,0,24
bund_to_res,9,-1,n9(bund),7,4,7G,17259.117283950618,0,25
bund_to_res,9,-1,n9(bund),7,5,7H,21301.670370370368,0,26
bund_to_res,9,-1,n9(bund),7,6,7I,19241.13,0,27
bund_to_res,9,-1,n9(bund),8,0,8S,862.2962962962963,0,28
bund_to_res,9,-1,n9(bund),8,1,8P,2760.827160493827,0,29
bund_to_res,9,-1,n9(bund),8,2,8D,5194.938271604938,0,30
bund_to_res,9,-1,n9(bund),8,3,8F,8567.666666666666,0,31
bund_to_res,9,-1,n9(bund),8,4,8G,13354.09135802469,0,32
bund_to_res,9,-1,n9(bund),8,5,8H,20137.891358024688,0,33
bund_to_res,9,-1,n9(bund),8,6,8I,29650.63703703704,0,34
bund_to_res,9,-1,n9(bund),8,7,8J,42827.3775308642,0,35
bund_to_res,10,-1,n10(bund),1,0,1S,126387.0,1,0
bund_to_res,10,-1,n10(bund),2,0,2S,18453.0,1,1
bund_to_res,10,-1,n10(bund),2,1,2P,52813.3,1,2
bund_to_res,10,-1,n10(bund),3,0,3S,6203.7,1,3
bund_to_res,10,-1,n10(bund),3,1,3P,19975.9,1,4
bund_to_res,10,-1,n10(bund),3,2,3D,25407.300000000003,1,5
bund_to_res,10,-1,n10(bund),4,0,4S,2914.89,1,6
bund_to_res,10,-1,n10(bund),4,1,4P,9561.86,1,7
bund_to_res,10,-1,n10(bund),4,2,4D,15827.930000000002,1,8
bund_to_res,10,-1,n10(bund),4,3,4F,14066.33,1,9
bund_to_res,10,-1,n10(bund),5,0,5S,1643.46,1,10
bund_to_res,10,-1,n10(bund),5,1,5P,5383.46,1,11
bund_to_res,10,-1,n10(bund),5,2,5D,9675.13,1,12
bund_to_res,10,-1,n10(bund),5,3,5F,12309.345000000001,1,13
bund_to_res,10,-1,n10(bund),5,4,5G,9009.5381,1,14
bund_to_res,10,-1,n10(bund),6,0,6S,1040.52,1,15
bund_to_res,10,-1,n10(bund),6,1,6P,3385.21,1,16
bund_to_res,10,-1,n10(bund),6,2,6D,6265.63,1,17
bund_to_res,10,-1,n10(bund),6,3,6F,9139.615,1,18
bund_to_res,10,-1,n10(bund),6,4,6G,10181.893,1,19
bund_to_res,10,-1,n10(bund),6,5,6H,6889.0126,1,20
bund_to_res,10,-1,n10(bund),7,0,7S,714.51,1,21
bund_to_res,10,-1,n10(bund),7,1,7P,2304.94,1,22
bund_to_res,10,-1,n10(bund),7,2,7D,4300.780000000001,1,23
bund_to_res,10,-1,n10(bund),7,3,7F,6677.195,1,24
bund_to_res,10,-1,n10(bund),7,4,7G,8874.235,1,25
bund_to_res,10,-1,n10(bund),7,5,7H,9528.4178,1,26
bund_to_res,10,-1,n10(bund),7,6,7I,6670.1138,1,27
bund_to_res,10,-1,n10(bund),8,0,8S,520.38,1,28
bund_to_res,10,-1,n10(bund),8,1,8P,1663.18,1,29
bund_to_res,10,-1,n10(bund),8,2,8D,3095.01,1,30
bund_to_res,10,-1,n10(bund),8,3,8F,4939.67,1,31
bund_to_res,10,-1,n10(bund),8,4,8G,7172.315,1,32
bund_to_res,10,-1,n10(bund),8,5,8H,9454.242,1,33
bund_to_res,10,-1,n10(bund),8,6,8I,10822.088,1,34
bund_to_res,10,-1,n10(bund),8,7,8J,9121.3744,1,35
bund_to_res,11,-1,n11(bund),1,0,1S,78386.77685950414,2,0
bund_to_res,11,-1,n11(bund),2,0,2S,11452.066115702479,2,1
bund_to_res,11,-1,n11(bund),2,1,2P,32544.95867768595,2,2
bund_to_res,11,-1,n11(bund),3,0,3S,3851.1570247933887,2,3
bund_to_res,11,-1,n11(bund),3,1,3P,12319.338842975207,2,4
bund_to_res,11,-1,n11(bund),3,2,3D,15405.694214876034,2,5
bund_to_res,11,-1,n11(bund),4,0,4S,1809.0247933884298,2,6
bund_to_res,11,-1,n11(bund),4,1,4P,5898.743801652893,2,7
bund_to_res,11,-1,n11(bund),4,2,4D,9606.495867768595,2,8
bund_to_res,11,-1,n11(bund),4,3,4F,8264.94214876033,2,9
bund_to_res,11,-1,n11(bund),5,0,5S,1018.9834710743802,2,10
bund_to_res,11,-1,n11(bund),5,1,5P,3320.330578512397,2,11
bund_to_res,11,-1,n11(bund),5,2,5D,5876.669421487603,2,12
bund_to_res,11,-1,n11(bund),5,3,5F,7243.545454545454,2,13
bund_to_res,11,-1,n11(bund),5,4,5G,5012.853966942149,2,14
bund_to_res,11,-1,n11(bund),6,0,6S,644.0578512396694,2,15
bund_to_res,11,-1,n11(bund),6,1,6P,2086.0661157024792,2,16
bund_to_res,11,-1,n11(bund),6,2,6D,3807.6173553719013,2,17
bund_to_res,11,-1,n11(bund),6,3,6F,5387.98347107438,2,18
bund_to_res,11,-1,n11(bund),6,4,6G,5679.954545454545,2,19
bund_to_res,11,-1,n11(bund),6,5,6H,3502.0676033057853,2,20
bund_to_res,11,-1,n11(bund),7,0,7S,441.297520661157,2,21
bund_to_res,11,-1,n11(bund),7,1,7P,1418.6446280991736,2,22
bund_to_res,11,-1,n11(bund),7,2,7D,2615.199173553719,2,23
bund_to_res,11,-1,n11(bund),7,3,7F,3946.7355371900826,2,24
bund_to_res,11,-1,n11(bund),7,4,7G,4971.593388429752,2,25
bund_to_res,11,-1,n11(bund),7,5,7H,4869.500413223141,2,26
bund_to_res,11,-1,n11(bund),7,6,7I,2922.5209917355373,2,27
bund_to_res,11,-1,n11(bund),8,0,8S,321.22314049586777,2,28
bund_to_res,11,-1,n11(bund),8,1,8P,1024.5123966942149,2,29
bund_to_res,11,-1,n11(bund),8,2,8D,1888.3595041322315,2,30
bund_to_res,11,-1,n11(bund),8,3,8F,2939.01652892562,2,31
bund_to_res,11,-1,n11(bund),8,4,8G,4056.7603305785124,2,32
bund_to_res,11,-1,n11(bund),8,5,8H,4888.990082644628,2,33
bund_to_res,11,-1,n11(bund),8,6,8I,4804.787024793389,2,34
bund_to_res,11,-1,n11(bund),8,7,8J,3096.314132231405,2,35
bund_to_res,12,-1,n12(bund),1,0,1S,50689.58333333333,3,0
bund_to_res,12,-1,n12(bund),2,0,2S,7409.166666666666,3,1
bund_to_res,12,-1,n12(bund),2,1,2P,20943.965277777777,3,2
bund_to_res,12,-1,n12(bund),3,0,3S,2492.083333333333,3,3
bund_to_res,12,-1,n12(bund),3,1,3P,7932.097222222223,3,4
bund_to_res,12,-1,n12(bund),3,2,3D,9793.910416666668,3,5
bund_to_res,12,-1,n12(bund),4,0,4S,1170.2916666666665,3,6
bund_to_res,12,-1,n12(bund),4,1,4P,3798.5972222222226,3,7
bund_to_res,12,-1,n12(bund),4,2,4D,6111.309722222222,3,8
bund_to_res,12,-1,n12(bund),4,3,4F,5133.663194444444,3,9
bund_to_res,12,-1,n12(bund),5,0,5S,658.6666666666666,3,10
bund_to_res,12,-1,n12(bund),5,1,5P,2137.5972222222226,3,11
bund_to_res,12,-1,n12(bund),5,2,5D,3740.09375,3,12
bund_to_res,12,-1,n12(bund),5,3,5F,4503.267361111111,3,13
bund_to_res,12,-1,n12(bund),5,4,5G,2992.4737500000006,3,14
bund_to_res,12,-1,n12(bund),6,0,6S,415.7083333333333,3,15
bund_to_res,12,-1,n12(bund),6,1,6P,1341.8194444444443,3,16
bund_to_res,12,-1,n12(bund),6,2,6D,2423.3708333333334,3,17
bund_to_res,12,-1,n12(bund),6,3,6F,3352.7951388888887,3,18
bund_to_res,12,-1,n12(bund),6,4,6G,3395.7862500000006,3,19
bund_to_res,12,-1,n12(bund),6,5,6H,1961.3308333333332,3,20
bund_to_res,12,-1,n12(bund),7,0,7S,284.1875,3,21
bund_to_res,12,-1,n12(bund),7,1,7P,911.0416666666667,3,22
bund_to_res,12,-1,n12(bund),7,2,7D,1663.8444444444444,3,23
bund_to_res,12,-1,n12(bund),7,3,7F,2458.25,3,24
bund_to_res,12,-1,n12(bund),7,4,7G,2978.109027777778,3,25
bund_to_res,12,-1,n12(bund),7,5,7H,2734.3513194444445,3,26
bund_to_res,12,-1,n12(bund),7,6,7I,1480.464763888889,3,27
bund_to_res,12,-1,n12(bund),8,0,8S,206.26874999999998,3,28
bund_to_res,12,-1,n12(bund),8,1,8P,656.6180555555555,3,29
bund_to_res,12,-1,n12(bund),8,2,8D,1200.888888888889,3,30
bund_to_res,12,-1,n12(bund),8,3,8F,1833.2881944444443,3,31
bund_to_res,12,-1,n12(bund),8,4,8G,2437.8944444444446,3,32
bund_to_res,12,-1,n12(bund),8,5,8H,2757.6920138888886,3,33
bund_to_res,12,-1,n12(bund),8,6,8I,2446.9333333333334,3,34
bund_to_res,12,-1,n12(bund),8,7,8J,1337.3938055555554,3,35
bund_to_res,13,-1,n13(bund),1,0,1S,33946.153846153844,4,0
bund_to_res,13,-1,n13(bund),2,0,2S,4963.846153846154,4,1
bund_to_res,13,-1,n13(bund),2,1,2P,13973.810650887574,4,2
bund_to_res,13,-1,n13(bund),3,0,3S,1669.775147928994,4,3
bund_to_res,13,-1,n13(bund),3,1,3P,5294.550295857988,4,4
bund_to_res,13,-1,n13(bund),3,2,3D,6473.845562130178,4,5
bund_to_res,13,-1,n13(bund),4,0,4S,783.9763313609468,4,6
bund_to_res,13,-1,n13(bund),4,1,4P,2535.8461538461534,4,7
bund_to_res,13,-1,n13(bund),4,2,4D,4041.4970414201184,4,8
bund_to_res,13,-1,n13(bund),4,3,4F,3333.4437869822486,4,9
bund_to_res,13,-1,n13(bund),5,0,5S,440.94674556213016,4,10
bund_to_res,13,-1,n13(bund),5,1,5P,1426.5443786982246,4,11
bund_to_res,13,-1,n13(bund),5,2,5D,2473.865680473373,4,12
bund_to_res,13,-1,n13(bund),5,3,5F,2925.9881656804737,4,13
bund_to_res,13,-1,n13(bund),5,4,5G,1885.916094674556,4,14
bund_to_res,13,-1,n13(bund),6,0,6S,277.9526627218935,4,15
bund_to_res,13,-1,n13(bund),6,1,6P,894.7278106508875,4,16
bund_to_res,13,-1,n13(bund),6,2,6D,1602.7384615384617,4,17
bund_to_res,13,-1,n13(bund),6,3,6F,2179.5650887573966,4,18
bund_to_res,13,-1,n13(bund),6,4,6G,2142.0301775147927,4,19
bund_to_res,13,-1,n13(bund),6,5,6H,1179.1921893491124,4,20
bund_to_res,13,-1,n13(bund),7,0,7S,189.63905325443787,4,21
bund_to_res,13,-1,n13(bund),7,1,7P,606.6213017751479,4,22
bund_to_res,13,-1,n13(bund),7,2,7D,1099.807100591716,4,23
bund_to_res,13,-1,n13(bund),7,3,7F,1598.6242603550295,4,24
bund_to_res,13,-1,n13(bund),7,4,7G,1880.5728402366865,4,25
bund_to_res,13,-1,n13(bund),7,5,7H,1646.4865088757397,4,26
bund_to_res,13,-1,n13(bund),7,6,7I,828.3443017751479,4,27
bund_to_res,13,-1,n13(bund),8,0,8S,137.2792899408284,4,28
bund_to_res,13,-1,n13(bund),8,1,8P,436.2721893491124,4,29
bund_to_res,13,-1,n13(bund),8,2,8D,792.9136094674557,4,30
bund_to_res,13,-1,n13(bund),8,3,8F,1192.4082840236688,4,31
bund_to_res,13,-1,n13(bund),8,4,8G,1541.4739644970414,4,32
bund_to_res,13,-1,n13(bund),8,5,8H,1664.032899408284,4,33
bund_to_res,13,-1,n13(bund),8,6,8I,1372.7470414201184,4,34
bund_to_res,13,-1,n13(bund),8,7,8J,670.9960355029586,4,35
bund_to_res,14,-1,n14(bund),1,0,1S,23422.95918367347,5,0
bund_to_res,14,-1,n14(bund),2,0,2S,3425.969387755102,5,1
bund_to_res,14,-1,n14(bund),2,1,2P,9613.23469387755,5,2
bund_to_res,14,-1,n14(bund),3,0,3S,1152.5663265306123,5,3
bund_to_res,14,-1,n14(bund),3,1,3P,3643.3826530612246,5,4
bund_to_res,14,-1,n14(bund),3,2,3D,4420.822959183673,5,5
bund_to_res,14,-1,n14(bund),4,0,4S,541.0408163265306,5,6
bund_to_res,14,-1,n14(bund),4,1,4P,1745.137755102041,5,7
bund_to_res,14,-1,n14(bund),4,2,4D,2760.838775510204,5,8
bund_to_res,14,-1,n14(bund),4,3,4F,2244.964285714286,5,9
bund_to_res,14,-1,n14(bund),5,0,5S,304.13265306122446,5,10
bund_to_res,14,-1,n14(bund),5,1,5P,981.4540816326531,5,11
bund_to_res,14,-1,n14(bund),5,2,5D,1690.1535714285715,5,12
bund_to_res,14,-1,n14(bund),5,3,5F,1971.3698979591838,5,13
bund_to_res,14,-1,n14(bund),5,4,5G,1241.0239795918367,5,14
bund_to_res,14,-1,n14(bund),6,0,6S,191.51020408163265,5,15
bund_to_res,14,-1,n14(bund),6,1,6P,615.1479591836735,5,16
bund_to_res,14,-1,n14(bund),6,2,6D,1094.8244897959185,5,17
bund_to_res,14,-1,n14(bund),6,3,6F,1468.9438775510205,5,18
bund_to_res,14,-1,n14(bund),6,4,6G,1410.4820408163266,5,19
bund_to_res,14,-1,n14(bund),6,5,6H,748.6134489795919,5,20
bund_to_res,14,-1,n14(bund),7,0,7S,130.46938775510205,5,21
bund_to_res,14,-1,n14(bund),7,1,7P,416.59183673469386,5,22
bund_to_res,14,-1,n14(bund),7,2,7D,750.8617346938776,5,23
bund_to_res,14,-1,n14(bund),7,3,7F,1077.5,5,24
bund_to_res,14,-1,n14(bund),7,4,7G,1239.087857142857,5,25
bund_to_res,14,-1,n14(bund),7,5,7H,1046.2769897959183,5,26
bund_to_res,14,-1,n14(bund),7,6,7I,498.39493367346944,5,27
bund_to_res,14,-1,n14(bund),8,0,8S,94.22908163265306,5,28
bund_to_res,14,-1,n14(bund),8,1,8P,299.02346938775514,5,29
bund_to_res,14,-1,n14(bund),8,2,8D,540.7321428571429,5,30
bund_to_res,14,-1,n14(bund),8,3,8F,803.5255102040817,5,31
bund_to_res,14,-1,n14(bund),8,4,8G,1016.2410714285713,5,32
bund_to_res,14,-1,n14(bund),8,5,8H,1058.6142346938777,5,33
bund_to_res,14,-1,n14(bund),8,6,8I,827.1951122448979,5,34
bund_to_res,14,-1,n14(bund),8,7,8J,373.0511071428571,5,35
bund_to_res,15,-1,n15(bund),1,0,1S,16581.333333333336,6,0
bund_to_res,15,-1,n15(bund),2,0,2S,2425.866666666667,6,1
bund_to_res,15,-1,n15(bund),2,1,2P,6789.2844444444445,6,2
bund_to_res,15,-1,n15(bund),3,0,3S,816.1866666666667,6,3
bund_to_res,15,-1,n15(bund),3,1,3P,2573.777777777778,6,4
bund_to_res,15,-1,n15(bund),3,2,3D,3103.724,6,5
bund_to_res,15,-1,n15(bund),4,0,4S,383.06666666666666,6,6
bund_to_res,15,-1,n15(bund),4,1,4P,1232.8444444444447,6,7
bund_to_res,15,-1,n15(bund),4,2,4D,1938.836,6,8
bund_to_res,15,-1,n15(bund),4,3,4F,1558.7564444444445,6,9
bund_to_res,15,-1,n15(bund),5,0,5S,215.2266666666667,6,10
bund_to_res,15,-1,n15(bund),5,1,5P,693.1688888888889,6,11
bund_to_res,15,-1,n15(bund),5,2,5D,1187.0417777777777,6,12
bund_to_res,15,-1,n15(bund),5,3,5F,1369.2422222222224,6,13
bund_to_res,15,-1,n15(bund),5,4,5G,846.0948444444446,6,14
bund_to_res,15,-1,n15(bund),6,0,6S,135.42666666666668,6,15
bund_to_res,15,-1,n15(bund),6,1,6P,434.21333333333337,6,16
bund_to_res,15,-1,n15(bund),6,2,6D,768.8182222222223,6,17
bund_to_res,15,-1,n15(bund),6,3,6F,1020.4955555555556,6,18
bund_to_res,15,-1,n15(bund),6,4,6G,962.0468,6,19
bund_to_res,15,-1,n15(bund),6,5,6H,496.25423111111104,6,20
bund_to_res,15,-1,n15(bund),7,0,7S,92.13866666666667,6,21
bund_to_res,15,-1,n15(bund),7,1,7P,293.75866666666667,6,22
bund_to_res,15,-1,n15(bund),7,2,7D,526.9786666666666,6,23
bund_to_res,15,-1,n15(bund),7,3,7F,748.5377777777778,6,24
bund_to_res,15,-1,n15(bund),7,4,7G,845.4499555555556,6,25
bund_to_res,15,-1,n15(bund),7,5,7H,693.9438222222223,6,26
bund_to_res,15,-1,n15(bund),7,6,7I,316.97896444444444,6,27
bund_to_res,15,-1,n15(bund),8,0,8S,66.424,6,28
bund_to_res,15,-1,n15(bund),8,1,8P,210.5497777777778,6,29
bund_to_res,15,-1,n15(bund),8,2,8D,379.1524444444444,6,30
bund_to_res,15,-1,n15(bund),8,3,8F,558.0533333333333,6,31
bund_to_res,15,-1,n15(bund),8,4,8G,693.5892444444445,6,32
bund_to_res,15,-1,n15(bund),8,5,8H,702.6690666666667,6,33
bund_to_res,15,-1,n15(bund),8,6,8I,526.58096,6,34
bund_to_res,15,-1,n15(bund),8,7,8J,223.54029777777777,6,35
res_to_res,2,1,2P,1,0,1S,626840000.0,2,0
res_to_res,3,1,3P,1,0,1S,167350000.0,4,0
res_to_res,3,0,3S,2,1,2P,6317200.0,3,2
res_to_res,3,1,3P,2,0,2S,22461000.0,4,1
res_to_res,3,2,3D,2,1,2P,64688000.0,5,2
res_to_res,4,1,4P,1,0,1S,68225000.0,7,0
res_to_res,4,0,4S,2,1,2P,2579600.0,6,2
res_to_res,4,1,4P,2,0,2S,9673500.0,7,1
res_to_res,4,2,4D,2,1,2P,20637000.0,8,2
res_to_res,4,0,4S,3,1,3P,1836500.0,6,4
res_to_res,4,1,4P,3,0,3S,3066900.0,7,3
res_to_res,4,1,4P,3,2,3D,347730.0,7,5
res_to_res,4,2,4D,3,1,3P,7041600.0,8,4
res_to_res,4,3,4F,3,2,3D,13796000.0,9,5
res_to_res,5,1,5P,1,0,1S,34395000.0,11,0
res_to_res,5,0,5S,2,1,2P,1289400.0,10,2
res_to_res,5,1,5P,2,0,2S,4951100.0,11,1
res_to_res,5,2,5D,2,1,2P,9430700.0,12,2
res_to_res,5,0,5S,3,1,3P,905200.0,10,4
res_to_res,5,1,5P,3,0,3S,1638600.0,11,3
res_to_res,5,1,5P,3,2,3D,149620.0,11,5
res_to_res,5,2,5D,3,1,3P,3393400.0,12,4
res_to_res,5,3,5F,3,2,3D,4544700.0,13,5
res_to_res,5,0,5S,4,1,4P,645440.0,10,7
res_to_res,5,1,5P,4,0,4S,737600.0,11,6
res_to_res,5,1,5P,4,2,4D,188570.0,11,8
res_to_res,5,2,5D,4,1,4P,1486600.0,12,7
res_to_res,5,2,5D,4,3,4F,50505.0,12,9
res_to_res,5,3,5F,4,2,4D,2585900.0,13,8
res_to_res,5,4,5G,4,3,4F,4256600.0,14,9
res_to_res,6,1,6P,1,0,1S,19740000.0,16,0
res_to_res,6,0,6S,2,1,2P,735410.0,15,2
res_to_res,6,1,6P,2,0,2S,2859900.0,16,1
res_to_res,6,2,6D,2,1,2P,5147900.0,17,2
res_to_res,6,0,6S,3,1,3P,507460.0,15,4
res_to_res,6,1,6P,3,0,3S,955630.0,16,3
res_to_res,6,1,6P,3,2,3D,78285.0,16,5
res_to_res,6,2,6D,3,1,3P,1878800.0,17,4
res_to_res,6,3,6F,3,2,3D,2147200.0,18,5
res_to_res,6,0,6S,4,1,4P,358440.0,15,7
res_to_res,6,1,6P,4,0,4S,445870.0,16,6
res_to_res,6,1,6P,4,2,4D,94221.0,16,8
res_to_res,6,2,6D,4,1,4P,862680.0,17,7
res_to_res,6,2,6D,4,3,4F,21462.0,17,9
res_to_res,6,3,6F,4,2,4D,1287700.0,18,8
res_to_res,6,4,6G,4,3,4F,1373600.0,19,9
res_to_res,6,0,6S,5,1,5P,268320.0,15,11
res_to_res,6,1,6P,5,0,5S,243090.0,16,10
res_to_res,6,1,6P,5,2,5D,95987.0,16,12
res_to_res,6,2,6D,5,1,5P,449740.0,17,11
res_to_res,6,2,6D,5,3,5F,39102.0,17,13
res_to_res,6,3,6F,5,2,5D,723660.0,18,12
res_to_res,6,3,6F,5,4,5G,11379.0,18,14
res_to_res,6,4,6G,5,3,5F,1106300.0,19,13
res_to_res,6,5,6H,5,4,5G,1645800.0,20,14
res_to_res,7,1,7P,1,0,1S,12369000.0,22,0
res_to_res,7,0,7S,2,1,2P,458910.0,21,2
res_to_res,7,1,7P,2,0,2S,1798200.0,22,1
res_to_res,7,2,7D,2,1,2P,3132800.0,23,2
res_to_res,7,0,7S,3,1,3P,313000.0,21,4
res_to_res,7,1,7P,3,0,3S,602880.0,22,3
res_to_res,7,1,7P,3,2,3D,46388.0,22,5
res_to_res,7,2,7D,3,1,3P,1150200.0,23,4
res_to_res,7,3,7F,3,2,3D,1207700.0,24,5
res_to_res,7,0,7S,4,1,4P,217500.0,21,7
res_to_res,7,1,7P,4,0,4S,282960.0,22,6
res_to_res,7,1,7P,4,2,4D,53938.0,22,8
res_to_res,7,2,7D,4,1,4P,534090.0,23,7
res_to_res,7,2,7D,4,3,4F,11246.0,23,9
res_to_res,7,3,7F,4,2,4D,734400.0,24,8
res_to_res,7,4,7G,4,3,4F,646210.0,25,9
res_to_res,7,0,7S,5,1,5P,161820.0,21,11
res_to_res,7,1,7P,5,0,5S,159180.0,22,10
res_to_res,7,1,7P,5,2,5D,53103.0,22,12
res_to_res,7,2,7D,5,1,5P,290400.0,23,11
res_to_res,7,2,7D,5,3,5F,19131.0,23,13
res_to_res,7,3,7F,5,2,5D,433360.0,24,12
res_to_res,7,3,7F,5,4,5G,4653.7,24,14
res_to_res,7,4,7G,5,3,5F,548470.0,25,13
res_to_res,7,5,7H,5,4,5G,509000.0,26,14
res_to_res,7,0,7S,6,1,6P,126580.0,21,16
res_to_res,7,1,7P,6,0,6S,97951.0,22,15
res_to_res,7,1,7P,6,2,6D,51073.0,22,17
res_to_res,7,2,7D,6,1,6P,170510.0,23,16
res_to_res,7,2,7D,6,3,6F,25253.0,23,18
res_to_res,7,3,7F,6,2,6D,259560.0,24,17
res_to_res,7,3,7F,6,4,6G,11109.0,24,19
res_to_res,7,4,7G,6,3,6F,376580.0,25,18
res_to_res,7,4,7G,6,5,6H,3356.0,25,20
res_to_res,7,5,7H,6,4,6G,532580.0,26,19
res_to_res,7,6,7I,6,5,6H,741200.0,27,20
res_to_res,8,1,8P,1,0,1S,8259500.0,29,0
res_to_res,8,0,8S,2,1,2P,305580.0,28,2
res_to_res,8,1,8P,2,0,2S,1203200.0,29,1
res_to_res,8,2,8D,2,1,2P,2053500.0,30,2
res_to_res,8,0,8S,3,1,3P,206800.0,28,4
res_to_res,8,1,8P,3,0,3S,404020.0,29,3
res_to_res,8,1,8P,3,2,3D,29877.0,29,5
res_to_res,8,2,8D,3,1,3P,756270.0,30,4
res_to_res,8,3,8F,3,2,3D,754310.0,31,5
res_to_res,8,0,8S,4,1,4P,142030.0,28,7
res_to_res,8,1,8P,4,0,4S,189850.0,29,6
res_to_res,8,1,8P,4,2,4D,33978.0,29,8
res_to_res,8,2,8D,4,1,4P,352650.0,30,7
res_to_res,8,2,8D,4,3,4F,6710.1,30,9
res_to_res,8,3,8F,4,2,4D,461330.0,31,8
res_to_res,8,4,8G,4,3,4F,364500.0,32,9
res_to_res,8,0,8S,5,1,5P,104050.0,28,11
res_to_res,8,1,8P,5,0,5S,107170.0,29,10
res_to_res,8,1,8P,5,2,5D,32473.0,29,12
res_to_res,8,2,8D,5,1,5P,193440.0,30,11
res_to_res,8,2,8D,5,3,5F,10890.0,30,13
res_to_res,8,3,8F,5,2,5D,275510.0,31,12
res_to_res,8,3,8F,5,4,5G,2389.7,31,14
res_to_res,8,4,8G,5,3,5F,313650.0,32,13
res_to_res,8,5,8H,5,4,5G,233960.0,33,14
res_to_res,8,0,8S,6,1,6P,81088.0,28,16
res_to_res,8,1,8P,6,0,6S,67829.0,29,15
res_to_res,8,1,8P,6,2,6D,30420.0,29,17
res_to_res,8,2,8D,6,1,6P,118010.0,30,16
res_to_res,8,2,8D,6,3,6F,13627.0,30,18
res_to_res,8,3,8F,6,2,6D,172670.0,31,17
res_to_res,8,3,8F,6,4,6G,5239.7,31,19
res_to_res,8,4,8G,6,3,6F,226350.0,32,18
res_to_res,8,4,8G,6,5,6H,1306.4,32,20
res_to_res,8,5,8H,6,4,6G,257930.0,33,19
res_to_res,8,6,8I,6,5,6H,217680.0,34,20
res_to_res,8,0,8S,7,1,7P,65737.0,28,22
res_to_res,8,1,8P,7,0,7S,45371.0,29,21
res_to_res,8,1,8P,7,2,7D,28746.0,29,23
res_to_res,8,2,8D,7,1,7P,75457.0,30,22
res_to_res,8,2,8D,7,3,7F,15940.0,30,24
res_to_res,8,3,8F,7,2,7D,110170.0,31,23
res_to_res,8,3,8F,7,4,7G,8473.7,31,25
res_to_res,8,4,8G,7,3,7F,153690.0,32,24
res_to_res,8,4,8G,7,5,7H,3857.8,32,26
res_to_res,8,5,8H,7,4,7G,209300.0,33,25
res_to_res,8,5,8H,7,6,7I,1190.6,33,27
res_to_res,8,6,8I,7,5,7H,280770.0,34,26
res_to_res,8,7,8J,7,6,7I,372690.0,35,27
