n,l,l_char,type,E_eV,sigma_a0sq,filename
1,-1,bundled,bundled,13.6058,0.0,TICS.1
1,-1,bundled,bundled,13.7,0.01066,TICS.1
1,-1,bundled,bundled,13.806,0.02624,TICS.1
1,-1,bundled,bundled,14.006,0.06522,TICS.1
1,-1,bundled,bundled,14.206,0.1074,TICS.1
1,-1,bundled,bundled,14.406,0.1379,TICS.1
1,-1,bundled,bundled,14.606,0.1812,TICS.1
1,-1,bundled,bundled,15.606,0.3756,TICS.1
1,-1,bundled,bundled,16.606,0.5655,TICS.1
1,-1,bundled,bundled,17.606,0.7412,TICS.1
1,-1,bundled,bundled,18.606,0.8824,TICS.1
1,-1,bundled,bundled,20.606,1.144,TICS.1
1,-1,bundled,bundled,22.606,1.362,TICS.1
1,-1,bundled,bundled,24.606,1.534,TICS.1
1,-1,bundled,bundled,26.606,1.662,TICS.1
1,-1,bundled,bundled,28.606,1.761,TICS.1
1,-1,bundled,bundled,32.606,1.92,TICS.1
1,-1,bundled,bundled,36.606,2.023,TICS.1
1,-1,bundled,bundled,40.606,2.077,TICS.1
1,-1,bundled,bundled,44.606,2.113,TICS.1
1,-1,bundled,bundled,48.606,2.145,TICS.1
1,-1,bundled,bundled,56.606,2.165,TICS.1
1,-1,bundled,bundled,64.606,2.155,TICS.1
1,-1,bundled,bundled,72.606,2.119,TICS.1
1,-1,bundled,bundled,80.606,2.076,TICS.1
1,-1,bundled,bundled,88.606,2.025,TICS.1
1,-1,bundled,bundled,104.61,1.921,TICS.1
1,-1,bundled,bundled,120.61,1.818,TICS.1
1,-1,bundled,bundled,136.61,1.721,TICS.1
1,-1,bundled,bundled,152.61,1.632,TICS.1
1,-1,bundled,bundled,168.61,1.549,TICS.1
1,-1,bundled,bundled,200.61,1.416,TICS.1
1,-1,bundled,bundled,232.61,1.28,TICS.1
1,-1,bundled,bundled,264.61,1.166,TICS.1
1,-1,bundled,bundled,296.61,1.069,TICS.1
1,-1,bundled,bundled,328.61,0.9874,TICS.1
1,-1,bundled,bundled,392.61,0.8575,TICS.1
1,-1,bundled,bundled,456.61,0.7588,TICS.1
1,-1,bundled,bundled,520.61,0.6797,TICS.1
1,-1,bundled,bundled,584.61,0.6171,TICS.1
1,-1,bundled,bundled,648.61,0.5656,TICS.1
1,-1,bundled,bundled,712.61,0.5224,TICS.1
1,-1,bundled,bundled,776.61,0.4856,TICS.1
1,-1,bundled,bundled,840.61,0.4539,TICS.1
1,-1,bundled,bundled,904.61,0.4262,TICS.1
1,-1,bundled,bundled,968.61,0.4019,TICS.1
1,0,S,resolved,13.6058,0.0,TICS.1S
1,0,S,resolved,13.7,0.01066,TICS.1S
1,0,S,resolved,13.806,0.02624,TICS.1S
1,0,S,resolved,14.006,0.06522,TICS.1S
1,0,S,resolved,14.206,0.1074,TICS.1S
1,0,S,resolved,14.406,0.1379,TICS.1S
1,0,S,resolved,14.606,0.1812,TICS.1S
1,0,S,resolved,15.606,0.3756,TICS.1S
1,0,S,resolved,16.606,0.5655,TICS.1S
1,0,S,resolved,17.606,0.7412,TICS.1S
1,0,S,resolved,18.606,0.8824,TICS.1S
1,0,S,resolved,20.606,1.144,TICS.1S
1,0,S,resolved,22.606,1.362,TICS.1S
1,0,S,resolved,24.606,1.534,TICS.1S
1,0,S,resolved,26.606,1.662,TICS.1S
1,0,S,resolved,28.606,1.761,TICS.1S
1,0,S,resolved,32.606,1.92,TICS.1S
1,0,S,resolved,36.606,2.023,TICS.1S
1,0,S,resolved,40.606,2.077,TICS.1S
1,0,S,resolved,44.606,2.113,TICS.1S
1,0,S,resolved,48.606,2.145,TICS.1S
1,0,S,resolved,56.606,2.165,TICS.1S
1,0,S,resolved,64.606,2.155,TICS.1S
1,0,S,resolved,72.606,2.119,TICS.1S
1,0,S,resolved,80.606,2.076,TICS.1S
1,0,S,resolved,88.606,2.025,TICS.1S
1,0,S,resolved,104.61,1.921,TICS.1S
1,0,S,resolved,120.61,1.818,TICS.1S
1,0,S,resolved,136.61,1.721,TICS.1S
1,0,S,resolved,152.61,1.632,TICS.1S
1,0,S,resolved,168.61,1.549,TICS.1S
1,0,S,resolved,200.61,1.416,TICS.1S
1,0,S,resolved,232.61,1.28,TICS.1S
1,0,S,resolved,264.61,1.166,TICS.1S
1,0,S,resolved,296.61,1.069,TICS.1S
1,0,S,resolved,328.61,0.9874,TICS.1S
1,0,S,resolved,392.61,0.8575,TICS.1S
1,0,S,resolved,456.61,0.7588,TICS.1S
1,0,S,resolved,520.61,0.6797,TICS.1S
1,0,S,resolved,584.61,0.6171,TICS.1S
1,0,S,resolved,648.61,0.5656,TICS.1S
1,0,S,resolved,712.61,0.5224,TICS.1S
1,0,S,resolved,776.61,0.4856,TICS.1S
1,0,S,resolved,840.61,0.4539,TICS.1S
1,0,S,resolved,904.61,0.4262,TICS.1S
1,0,S,resolved,968.61,0.4019,TICS.1S
2,-1,bundled,bundled,3.40145,0.0,TICS.2
2,-1,bundled,bundled,3.4956,1.0319,TICS.2
2,-1,bundled,bundled,3.6014,2.528,TICS.2
2,-1,bundled,bundled,3.8014,6.59725,TICS.2
2,-1,bundled,bundled,4.0015,10.2673,TICS.2
2,-1,bundled,bundled,4.2015,13.01,TICS.2
2,-1,bundled,bundled,4.4014,15.72,TICS.2
2,-1,bundled,bundled,5.4014,25.525,TICS.2
2,-1,bundled,bundled,6.4014,31.4425,TICS.2
2,-1,bundled,bundled,7.4014,34.6925,TICS.2
2,-1,bundled,bundled,8.4015,36.4575,TICS.2
2,-1,bundled,bundled,10.401,36.635,TICS.2
2,-1,bundled,bundled,12.401,35.625,TICS.2
2,-1,bundled,bundled,14.401,34.4775,TICS.2
2,-1,bundled,bundled,16.401,33.3925,TICS.2
2,-1,bundled,bundled,18.401,32.135,TICS.2
2,-1,bundled,bundled,22.401,29.8225,TICS.2
2,-1,bundled,bundled,26.401,27.63,TICS.2
2,-1,bundled,bundled,30.401,25.6,TICS.2
2,-1,bundled,bundled,34.401,23.8675,TICS.2
2,-1,bundled,bundled,38.401,22.3375,TICS.2
2,-1,bundled,bundled,46.401,19.8075,TICS.2
2,-1,bundled,bundled,54.401,17.8,TICS.2
2,-1,bundled,bundled,62.401,16.1775,TICS.2
2,-1,bundled,bundled,70.401,14.825,TICS.2
2,-1,bundled,bundled,78.401,13.685,TICS.2
2,-1,bundled,bundled,94.401,11.8525,TICS.2
2,-1,bundled,bundled,110.4,10.4625,TICS.2
2,-1,bundled,bundled,126.4,9.366,TICS.2
2,-1,bundled,bundled,142.4,8.4755,TICS.2
2,-1,bundled,bundled,158.4,7.74,TICS.2
2,-1,bundled,bundled,190.4,6.6745,TICS.2
2,-1,bundled,bundled,222.4,5.80675,TICS.2
2,-1,bundled,bundled,254.4,5.14375,TICS.2
2,-1,bundled,bundled,286.4,4.61975,TICS.2
2,-1,bundled,bundled,318.4,4.19525,TICS.2
2,-1,bundled,bundled,382.4,3.54875,TICS.2
2,-1,bundled,bundled,446.4,3.0795,TICS.2
2,-1,bundled,bundled,510.4,2.7185,TICS.2
2,-1,bundled,bundled,574.4,2.4385,TICS.2
2,-1,bundled,bundled,638.4,2.212,TICS.2
2,-1,bundled,bundled,702.4,2.02525,TICS.2
2,-1,bundled,bundled,766.4,1.86875,TICS.2
2,-1,bundled,bundled,830.4,1.73525,TICS.2
2,-1,bundled,bundled,894.4,1.61975,TICS.2
2,-1,bundled,bundled,958.4,1.519,TICS.2
2,1,P,resolved,3.40145,0.0,TICS.2P
2,1,P,resolved,3.4956,1.086,TICS.2P
2,1,P,resolved,3.6014,2.665,TICS.2P
2,1,P,resolved,3.8014,6.963,TICS.2P
2,1,P,resolved,4.0015,10.83,TICS.2P
2,1,P,resolved,4.2015,13.72,TICS.2P
2,1,P,resolved,4.4014,16.64,TICS.2P
2,1,P,resolved,5.4014,27.03,TICS.2P
2,1,P,resolved,6.4014,33.2,TICS.2P
2,1,P,resolved,7.4014,36.59,TICS.2P
2,1,P,resolved,8.4015,38.27,TICS.2P
2,1,P,resolved,10.401,38.45,TICS.2P
2,1,P,resolved,12.401,37.3,TICS.2P
2,1,P,resolved,14.401,36.04,TICS.2P
2,1,P,resolved,16.401,34.85,TICS.2P
2,1,P,resolved,18.401,33.48,TICS.2P
2,1,P,resolved,22.401,30.92,TICS.2P
2,1,P,resolved,26.401,28.6,TICS.2P
2,1,P,resolved,30.401,26.44,TICS.2P
2,1,P,resolved,34.401,24.62,TICS.2P
2,1,P,resolved,38.401,23.01,TICS.2P
2,1,P,resolved,46.401,20.34,TICS.2P
2,1,P,resolved,54.401,18.23,TICS.2P
2,1,P,resolved,62.401,16.53,TICS.2P
2,1,P,resolved,70.401,15.12,TICS.2P
2,1,P,resolved,78.401,13.94,TICS.2P
2,1,P,resolved,94.401,12.02,TICS.2P
2,1,P,resolved,110.4,10.59,TICS.2P
2,1,P,resolved,126.4,9.468,TICS.2P
2,1,P,resolved,142.4,8.557,TICS.2P
2,1,P,resolved,158.4,7.806,TICS.2P
2,1,P,resolved,190.4,6.723,TICS.2P
2,1,P,resolved,222.4,5.841,TICS.2P
2,1,P,resolved,254.4,5.168,TICS.2P
2,1,P,resolved,286.4,4.637,TICS.2P
2,1,P,resolved,318.4,4.207,TICS.2P
2,1,P,resolved,382.4,3.553,TICS.2P
2,1,P,resolved,446.4,3.079,TICS.2P
2,1,P,resolved,510.4,2.715,TICS.2P
2,1,P,resolved,574.4,2.433,TICS.2P
2,1,P,resolved,638.4,2.205,TICS.2P
2,1,P,resolved,702.4,2.017,TICS.2P
2,1,P,resolved,766.4,1.86,TICS.2P
2,1,P,resolved,830.4,1.726,TICS.2P
2,1,P,resolved,894.4,1.61,TICS.2P
2,1,P,resolved,958.4,1.509,TICS.2P
2,0,S,resolved,3.40145,0.0,TICS.2S
2,0,S,resolved,3.4956,0.8696,TICS.2S
2,0,S,resolved,3.6014,2.117,TICS.2S
2,0,S,resolved,3.8014,5.5,TICS.2S
2,0,S,resolved,4.0015,8.579,TICS.2S
2,0,S,resolved,4.2015,10.88,TICS.2S
2,0,S,resolved,4.4014,12.96,TICS.2S
2,0,S,resolved,5.4014,21.01,TICS.2S
2,0,S,resolved,6.4014,26.17,TICS.2S
2,0,S,resolved,7.4014,29.0,TICS.2S
2,0,S,resolved,8.4015,31.02,TICS.2S
2,0,S,resolved,10.401,31.19,TICS.2S
2,0,S,resolved,12.401,30.6,TICS.2S
2,0,S,resolved,14.401,29.79,TICS.2S
2,0,S,resolved,16.401,29.02,TICS.2S
2,0,S,resolved,18.401,28.1,TICS.2S
2,0,S,resolved,22.401,26.53,TICS.2S
2,0,S,resolved,26.401,24.72,TICS.2S
2,0,S,resolved,30.401,23.08,TICS.2S
2,0,S,resolved,34.401,21.61,TICS.2S
2,0,S,resolved,38.401,20.32,TICS.2S
2,0,S,resolved,46.401,18.21,TICS.2S
2,0,S,resolved,54.401,16.51,TICS.2S
2,0,S,resolved,62.401,15.12,TICS.2S
2,0,S,resolved,70.401,13.94,TICS.2S
2,0,S,resolved,78.401,12.92,TICS.2S
2,0,S,resolved,94.401,11.35,TICS.2S
2,0,S,resolved,110.4,10.08,TICS.2S
2,0,S,resolved,126.4,9.06,TICS.2S
2,0,S,resolved,142.4,8.231,TICS.2S
2,0,S,resolved,158.4,7.542,TICS.2S
2,0,S,resolved,190.4,6.529,TICS.2S
2,0,S,resolved,222.4,5.704,TICS.2S
2,0,S,resolved,254.4,5.071,TICS.2S
2,0,S,resolved,286.4,4.568,TICS.2S
2,0,S,resolved,318.4,4.16,TICS.2S
2,0,S,resolved,382.4,3.536,TICS.2S
2,0,S,resolved,446.4,3.081,TICS.2S
2,0,S,resolved,510.4,2.729,TICS.2S
2,0,S,resolved,574.4,2.455,TICS.2S
2,0,S,resolved,638.4,2.233,TICS.2S
2,0,S,resolved,702.4,2.05,TICS.2S
2,0,S,resolved,766.4,1.895,TICS.2S
2,0,S,resolved,830.4,1.763,TICS.2S
2,0,S,resolved,894.4,1.649,TICS.2S
2,0,S,resolved,958.4,1.549,TICS.2S
3,-1,bundled,bundled,1.5117556,0.0,TICS.3
3,-1,bundled,bundled,1.606,14.0244,TICS.3
3,-1,bundled,bundled,1.7118,32.7167,TICS.3
3,-1,bundled,bundled,1.9118,80.3977,TICS.3
3,-1,bundled,bundled,2.1118,114.773,TICS.3
3,-1,bundled,bundled,2.3118,139.022,TICS.3
3,-1,bundled,bundled,2.5118,152.556,TICS.3
3,-1,bundled,bundled,3.5118,198.989,TICS.3
3,-1,bundled,bundled,4.5118,206.822,TICS.3
3,-1,bundled,bundled,5.5118,200.989,TICS.3
3,-1,bundled,bundled,6.5118,191.856,TICS.3
3,-1,bundled,bundled,8.5118,170.133,TICS.3
3,-1,bundled,bundled,10.512,150.133,TICS.3
3,-1,bundled,bundled,12.512,133.956,TICS.3
3,-1,bundled,bundled,14.512,120.956,TICS.3
3,-1,bundled,bundled,16.512,110.387,TICS.3
3,-1,bundled,bundled,20.512,94.1411,TICS.3
3,-1,bundled,bundled,24.512,82.6666,TICS.3
3,-1,bundled,bundled,28.512,73.9766,TICS.3
3,-1,bundled,bundled,32.512,67.14,TICS.3
3,-1,bundled,bundled,36.512,61.4878,TICS.3
3,-1,bundled,bundled,44.512,52.6744,TICS.3
3,-1,bundled,bundled,52.512,46.0867,TICS.3
3,-1,bundled,bundled,60.512,40.9078,TICS.3
3,-1,bundled,bundled,68.512,36.7933,TICS.3
3,-1,bundled,bundled,76.512,33.4333,TICS.3
3,-1,bundled,bundled,92.512,28.4055,TICS.3
3,-1,bundled,bundled,108.51,24.5766,TICS.3
3,-1,bundled,bundled,124.51,21.6711,TICS.3
3,-1,bundled,bundled,140.51,19.3833,TICS.3
3,-1,bundled,bundled,156.51,17.5444,TICS.3
3,-1,bundled,bundled,188.51,14.7989,TICS.3
3,-1,bundled,bundled,220.51,12.7767,TICS.3
3,-1,bundled,bundled,252.51,11.2478,TICS.3
3,-1,bundled,bundled,284.51,10.0569,TICS.3
3,-1,bundled,bundled,316.51,9.09589,TICS.3
3,-1,bundled,bundled,380.51,7.64733,TICS.3
3,-1,bundled,bundled,444.51,6.60456,TICS.3
3,-1,bundled,bundled,508.51,5.81411,TICS.3
3,-1,bundled,bundled,572.51,5.19833,TICS.3
3,-1,bundled,bundled,636.51,4.70356,TICS.3
3,-1,bundled,bundled,700.51,4.29667,TICS.3
3,-1,bundled,bundled,764.51,3.95522,TICS.3
3,-1,bundled,bundled,828.51,3.666,TICS.3
3,-1,bundled,bundled,892.51,3.41678,TICS.3
3,-1,bundled,bundled,956.51,3.20022,TICS.3
3,2,D,resolved,1.5117556,0.0,TICS.3D
3,2,D,resolved,1.606,14.84,TICS.3D
3,2,D,resolved,1.7118,34.75,TICS.3D
3,2,D,resolved,1.9118,86.3,TICS.3D
3,2,D,resolved,2.1118,124.0,TICS.3D
3,2,D,resolved,2.3118,150.8,TICS.3D
3,2,D,resolved,2.5118,166.3,TICS.3D
3,2,D,resolved,3.5118,218.0,TICS.3D
3,2,D,resolved,4.5118,225.6,TICS.3D
3,2,D,resolved,5.5118,218.2,TICS.3D
3,2,D,resolved,6.5118,207.2,TICS.3D
3,2,D,resolved,8.5118,183.8,TICS.3D
3,2,D,resolved,10.512,162.2,TICS.3D
3,2,D,resolved,12.512,144.6,TICS.3D
3,2,D,resolved,14.512,130.4,TICS.3D
3,2,D,resolved,16.512,118.7,TICS.3D
3,2,D,resolved,20.512,99.94,TICS.3D
3,2,D,resolved,24.512,87.11,TICS.3D
3,2,D,resolved,28.512,77.44,TICS.3D
3,2,D,resolved,32.512,69.85,TICS.3D
3,2,D,resolved,36.512,63.68,TICS.3D
3,2,D,resolved,44.512,54.17,TICS.3D
3,2,D,resolved,52.512,47.21,TICS.3D
3,2,D,resolved,60.512,41.77,TICS.3D
3,2,D,resolved,68.512,37.5,TICS.3D
3,2,D,resolved,76.512,34.02,TICS.3D
3,2,D,resolved,92.512,28.88,TICS.3D
3,2,D,resolved,108.51,24.92,TICS.3D
3,2,D,resolved,124.51,21.93,TICS.3D
3,2,D,resolved,140.51,19.57,TICS.3D
3,2,D,resolved,156.51,17.68,TICS.3D
3,2,D,resolved,188.51,14.87,TICS.3D
3,2,D,resolved,220.51,12.8,TICS.3D
3,2,D,resolved,252.51,11.24,TICS.3D
3,2,D,resolved,284.51,10.03,TICS.3D
3,2,D,resolved,316.51,9.052,TICS.3D
3,2,D,resolved,380.51,7.586,TICS.3D
3,2,D,resolved,444.51,6.534,TICS.3D
3,2,D,resolved,508.51,5.739,TICS.3D
3,2,D,resolved,572.51,5.121,TICS.3D
3,2,D,resolved,636.51,4.626,TICS.3D
3,2,D,resolved,700.51,4.219,TICS.3D
3,2,D,resolved,764.51,3.878,TICS.3D
3,2,D,resolved,828.51,3.59,TICS.3D
3,2,D,resolved,892.51,3.342,TICS.3D
3,2,D,resolved,956.51,3.127,TICS.3D
3,1,P,resolved,1.5117556,0.0,TICS.3P
3,1,P,resolved,1.606,13.29,TICS.3P
3,1,P,resolved,1.7118,31.06,TICS.3P
3,1,P,resolved,1.9118,74.92,TICS.3P
3,1,P,resolved,2.1118,105.7,TICS.3P
3,1,P,resolved,2.3118,127.6,TICS.3P
3,1,P,resolved,2.5118,139.1,TICS.3P
3,1,P,resolved,3.5118,179.5,TICS.3P
3,1,P,resolved,4.5118,187.4,TICS.3P
3,1,P,resolved,5.5118,183.3,TICS.3P
3,1,P,resolved,6.5118,176.0,TICS.3P
3,1,P,resolved,8.5118,156.4,TICS.3P
3,1,P,resolved,10.512,138.1,TICS.3P
3,1,P,resolved,12.512,123.4,TICS.3P
3,1,P,resolved,14.512,111.6,TICS.3P
3,1,P,resolved,16.512,102.2,TICS.3P
3,1,P,resolved,20.512,88.44,TICS.3P
3,1,P,resolved,24.512,78.37,TICS.3P
3,1,P,resolved,28.512,70.68,TICS.3P
3,1,P,resolved,32.512,64.63,TICS.3P
3,1,P,resolved,36.512,59.52,TICS.3P
3,1,P,resolved,44.512,51.43,TICS.3P
3,1,P,resolved,52.512,45.22,TICS.3P
3,1,P,resolved,60.512,40.3,TICS.3P
3,1,P,resolved,68.512,36.33,TICS.3P
3,1,P,resolved,76.512,33.08,TICS.3P
3,1,P,resolved,92.512,28.14,TICS.3P
3,1,P,resolved,108.51,24.42,TICS.3P
3,1,P,resolved,124.51,21.58,TICS.3P
3,1,P,resolved,140.51,19.35,TICS.3P
3,1,P,resolved,156.51,17.55,TICS.3P
3,1,P,resolved,188.51,14.85,TICS.3P
3,1,P,resolved,220.51,12.86,TICS.3P
3,1,P,resolved,252.51,11.35,TICS.3P
3,1,P,resolved,284.51,10.17,TICS.3P
3,1,P,resolved,316.51,9.22,TICS.3P
3,1,P,resolved,380.51,7.777,TICS.3P
3,1,P,resolved,444.51,6.735,TICS.3P
3,1,P,resolved,508.51,5.943,TICS.3P
3,1,P,resolved,572.51,5.324,TICS.3P
3,1,P,resolved,636.51,4.825,TICS.3P
3,1,P,resolved,700.51,4.415,TICS.3P
3,1,P,resolved,764.51,4.07,TICS.3P
3,1,P,resolved,828.51,3.777,TICS.3P
3,1,P,resolved,892.51,3.524,TICS.3P
3,1,P,resolved,956.51,3.304,TICS.3P
3,0,S,resolved,1.5117556,0.0,TICS.3S
3,0,S,resolved,1.606,12.15,TICS.3S
3,0,S,resolved,1.7118,27.52,TICS.3S
3,0,S,resolved,1.9118,67.32,TICS.3S
3,0,S,resolved,2.1118,95.86,TICS.3S
3,0,S,resolved,2.3118,114.4,TICS.3S
3,0,S,resolved,2.5118,124.2,TICS.3S
3,0,S,resolved,3.5118,162.4,TICS.3S
3,0,S,resolved,4.5118,171.2,TICS.3S
3,0,S,resolved,5.5118,168.0,TICS.3S
3,0,S,resolved,6.5118,162.7,TICS.3S
3,0,S,resolved,8.5118,143.0,TICS.3S
3,0,S,resolved,10.512,125.9,TICS.3S
3,0,S,resolved,12.512,112.4,TICS.3S
3,0,S,resolved,14.512,101.8,TICS.3S
3,0,S,resolved,16.512,93.38,TICS.3S
3,0,S,resolved,20.512,82.25,TICS.3S
3,0,S,resolved,24.512,73.34,TICS.3S
3,0,S,resolved,28.512,66.55,TICS.3S
3,0,S,resolved,32.512,61.12,TICS.3S
3,0,S,resolved,36.512,56.43,TICS.3S
3,0,S,resolved,44.512,48.93,TICS.3S
3,0,S,resolved,52.512,43.07,TICS.3S
3,0,S,resolved,60.512,38.42,TICS.3S
3,0,S,resolved,68.512,34.65,TICS.3S
3,0,S,resolved,76.512,31.56,TICS.3S
3,0,S,resolved,92.512,26.83,TICS.3S
3,0,S,resolved,108.51,23.33,TICS.3S
3,0,S,resolved,124.51,20.65,TICS.3S
3,0,S,resolved,140.51,18.55,TICS.3S
3,0,S,resolved,156.51,16.85,TICS.3S
3,0,S,resolved,188.51,14.29,TICS.3S
3,0,S,resolved,220.51,12.41,TICS.3S
3,0,S,resolved,252.51,10.98,TICS.3S
3,0,S,resolved,284.51,9.852,TICS.3S
3,0,S,resolved,316.51,8.943,TICS.3S
3,0,S,resolved,380.51,7.565,TICS.3S
3,0,S,resolved,444.51,6.566,TICS.3S
3,0,S,resolved,508.51,5.803,TICS.3S
3,0,S,resolved,572.51,5.208,TICS.3S
3,0,S,resolved,636.51,4.727,TICS.3S
3,0,S,resolved,700.51,4.33,TICS.3S
3,0,S,resolved,764.51,3.997,TICS.3S
3,0,S,resolved,828.51,3.713,TICS.3S
3,0,S,resolved,892.51,3.469,TICS.3S
3,0,S,resolved,956.51,3.255,TICS.3S
4,-1,bundled,bundled,0.8503625,0.0,TICS.4
4,-1,bundled,bundled,0.94456,90.0794,TICS.4
4,-1,bundled,bundled,1.0504,197.294,TICS.4
4,-1,bundled,bundled,1.2504,418.619,TICS.4
4,-1,bundled,bundled,1.4504,547.699,TICS.4
4,-1,bundled,bundled,1.6504,617.487,TICS.4
4,-1,bundled,bundled,1.8504,639.45,TICS.4
4,-1,bundled,bundled,2.8504,663.087,TICS.4
4,-1,bundled,bundled,3.8504,591.337,TICS.4
4,-1,bundled,bundled,4.8504,519.7,TICS.4
4,-1,bundled,bundled,5.8504,457.912,TICS.4
4,-1,bundled,bundled,7.8504,367.106,TICS.4
4,-1,bundled,bundled,9.8504,310.906,TICS.4
4,-1,bundled,bundled,11.85,272.55,TICS.4
4,-1,bundled,bundled,13.85,244.038,TICS.4
4,-1,bundled,bundled,15.85,221.319,TICS.4
4,-1,bundled,bundled,19.85,186.357,TICS.4
4,-1,bundled,bundled,23.85,160.869,TICS.4
4,-1,bundled,bundled,27.85,141.363,TICS.4
4,-1,bundled,bundled,31.85,126.044,TICS.4
4,-1,bundled,bundled,35.85,113.656,TICS.4
4,-1,bundled,bundled,43.85,94.9769,TICS.4
4,-1,bundled,bundled,51.85,81.5863,TICS.4
4,-1,bundled,bundled,59.85,71.4707,TICS.4
4,-1,bundled,bundled,67.85,63.6556,TICS.4
4,-1,bundled,bundled,75.85,57.4,TICS.4
4,-1,bundled,bundled,91.85,48.0425,TICS.4
4,-1,bundled,bundled,107.85,41.3101,TICS.4
4,-1,bundled,bundled,123.85,36.2582,TICS.4
4,-1,bundled,bundled,139.85,32.3275,TICS.4
4,-1,bundled,bundled,155.85,29.1831,TICS.4
4,-1,bundled,bundled,187.85,24.4575,TICS.4
4,-1,bundled,bundled,219.85,21.0638,TICS.4
4,-1,bundled,bundled,251.85,18.5113,TICS.4
4,-1,bundled,bundled,283.85,16.5212,TICS.4
4,-1,bundled,bundled,315.85,14.9275,TICS.4
4,-1,bundled,bundled,379.85,12.5219,TICS.4
4,-1,bundled,bundled,443.85,10.7988,TICS.4
4,-1,bundled,bundled,507.85,9.49375,TICS.4
4,-1,bundled,bundled,571.85,8.47819,TICS.4
4,-1,bundled,bundled,635.85,7.6625,TICS.4
4,-1,bundled,bundled,699.85,6.99301,TICS.4
4,-1,bundled,bundled,763.85,6.43325,TICS.4
4,-1,bundled,bundled,827.85,5.95781,TICS.4
4,-1,bundled,bundled,891.85,5.54862,TICS.4
4,-1,bundled,bundled,955.85,5.19324,TICS.4
4,2,D,resolved,0.8503625,0.0,TICS.4D
4,2,D,resolved,0.94456,89.98,TICS.4D
4,2,D,resolved,1.0504,196.7,TICS.4D
4,2,D,resolved,1.2504,413.8,TICS.4D
4,2,D,resolved,1.4504,539.3,TICS.4D
4,2,D,resolved,1.6504,606.2,TICS.4D
4,2,D,resolved,1.8504,626.7,TICS.4D
4,2,D,resolved,2.8504,635.7,TICS.4D
4,2,D,resolved,3.8504,565.1,TICS.4D
4,2,D,resolved,4.8504,495.5,TICS.4D
4,2,D,resolved,5.8504,438.0,TICS.4D
4,2,D,resolved,7.8504,352.8,TICS.4D
4,2,D,resolved,9.8504,301.5,TICS.4D
4,2,D,resolved,11.85,266.7,TICS.4D
4,2,D,resolved,13.85,240.8,TICS.4D
4,2,D,resolved,15.85,219.6,TICS.4D
4,2,D,resolved,19.85,186.4,TICS.4D
4,2,D,resolved,23.85,161.5,TICS.4D
4,2,D,resolved,27.85,142.2,TICS.4D
4,2,D,resolved,31.85,126.9,TICS.4D
4,2,D,resolved,35.85,114.5,TICS.4D
4,2,D,resolved,43.85,95.76,TICS.4D
4,2,D,resolved,51.85,82.35,TICS.4D
4,2,D,resolved,59.85,72.24,TICS.4D
4,2,D,resolved,67.85,64.43,TICS.4D
4,2,D,resolved,75.85,58.18,TICS.4D
4,2,D,resolved,91.85,48.88,TICS.4D
4,2,D,resolved,107.85,42.12,TICS.4D
4,2,D,resolved,123.85,37.04,TICS.4D
4,2,D,resolved,139.85,33.07,TICS.4D
4,2,D,resolved,155.85,29.89,TICS.4D
4,2,D,resolved,187.85,25.12,TICS.4D
4,2,D,resolved,219.85,21.66,TICS.4D
4,2,D,resolved,251.85,19.06,TICS.4D
4,2,D,resolved,283.85,17.03,TICS.4D
4,2,D,resolved,315.85,15.4,TICS.4D
4,2,D,resolved,379.85,12.94,TICS.4D
4,2,D,resolved,443.85,11.17,TICS.4D
4,2,D,resolved,507.85,9.828,TICS.4D
4,2,D,resolved,571.85,8.784,TICS.4D
4,2,D,resolved,635.85,7.945,TICS.4D
4,2,D,resolved,699.85,7.256,TICS.4D
4,2,D,resolved,763.85,6.679,TICS.4D
4,2,D,resolved,827.85,6.189,TICS.4D
4,2,D,resolved,891.85,5.767,TICS.4D
4,2,D,resolved,955.85,5.4,TICS.4D
4,3,F,resolved,0.8503625,0.0,TICS.4F
4,3,F,resolved,0.94456,93.99,TICS.4F
4,3,F,resolved,1.0504,208.4,TICS.4F
4,3,F,resolved,1.2504,452.2,TICS.4F
4,3,F,resolved,1.4504,597.0,TICS.4F
4,3,F,resolved,1.6504,675.3,TICS.4F
4,3,F,resolved,1.8504,701.2,TICS.4F
4,3,F,resolved,2.8504,741.1,TICS.4F
4,3,F,resolved,3.8504,663.5,TICS.4F
4,3,F,resolved,4.8504,585.6,TICS.4F
4,3,F,resolved,5.8504,514.3,TICS.4F
4,3,F,resolved,7.8504,410.1,TICS.4F
4,3,F,resolved,9.8504,342.3,TICS.4F
4,3,F,resolved,11.85,295.1,TICS.4F
4,3,F,resolved,13.85,260.4,TICS.4F
4,3,F,resolved,15.85,233.8,TICS.4F
4,3,F,resolved,19.85,194.1,TICS.4F
4,3,F,resolved,23.85,166.7,TICS.4F
4,3,F,resolved,27.85,146.1,TICS.4F
4,3,F,resolved,31.85,130.0,TICS.4F
4,3,F,resolved,35.85,117.0,TICS.4F
4,3,F,resolved,43.85,97.4,TICS.4F
4,3,F,resolved,51.85,83.34,TICS.4F
4,3,F,resolved,59.85,72.7,TICS.4F
4,3,F,resolved,67.85,64.52,TICS.4F
4,3,F,resolved,75.85,57.99,TICS.4F
4,3,F,resolved,91.85,48.21,TICS.4F
4,3,F,resolved,107.85,41.26,TICS.4F
4,3,F,resolved,123.85,36.06,TICS.4F
4,3,F,resolved,139.85,32.04,TICS.4F
4,3,F,resolved,155.85,28.84,TICS.4F
4,3,F,resolved,187.85,24.02,TICS.4F
4,3,F,resolved,219.85,20.61,TICS.4F
4,3,F,resolved,251.85,18.05,TICS.4F
4,3,F,resolved,283.85,16.06,TICS.4F
4,3,F,resolved,315.85,14.48,TICS.4F
4,3,F,resolved,379.85,12.09,TICS.4F
4,3,F,resolved,443.85,10.39,TICS.4F
4,3,F,resolved,507.85,9.109,TICS.4F
4,3,F,resolved,571.85,8.113,TICS.4F
4,3,F,resolved,635.85,7.315,TICS.4F
4,3,F,resolved,699.85,6.662,TICS.4F
4,3,F,resolved,763.85,6.117,TICS.4F
4,3,F,resolved,827.85,5.655,TICS.4F
4,3,F,resolved,891.85,5.258,TICS.4F
4,3,F,resolved,955.85,4.914,TICS.4F
4,1,P,resolved,0.8503625,0.0,TICS.4P
4,1,P,resolved,0.94456,84.1,TICS.4P
4,1,P,resolved,1.0504,181.0,TICS.4P
4,1,P,resolved,1.2504,372.4,TICS.4P
4,1,P,resolved,1.4504,479.4,TICS.4P
4,1,P,resolved,1.6504,538.7,TICS.4P
4,1,P,resolved,1.8504,555.3,TICS.4P
4,1,P,resolved,2.8504,567.7,TICS.4P
4,1,P,resolved,3.8504,504.2,TICS.4P
4,1,P,resolved,4.8504,441.3,TICS.4P
4,1,P,resolved,5.8504,389.9,TICS.4P
4,1,P,resolved,7.8504,314.7,TICS.4P
4,1,P,resolved,9.8504,271.4,TICS.4P
4,1,P,resolved,11.85,243.2,TICS.4P
4,1,P,resolved,13.85,221.8,TICS.4P
4,1,P,resolved,15.85,203.7,TICS.4P
4,1,P,resolved,19.85,174.5,TICS.4P
4,1,P,resolved,23.85,151.5,TICS.4P
4,1,P,resolved,27.85,133.5,TICS.4P
4,1,P,resolved,31.85,119.4,TICS.4P
4,1,P,resolved,35.85,108.0,TICS.4P
4,1,P,resolved,43.85,90.78,TICS.4P
4,1,P,resolved,51.85,78.44,TICS.4P
4,1,P,resolved,59.85,69.12,TICS.4P
4,1,P,resolved,67.85,61.85,TICS.4P
4,1,P,resolved,75.85,56.0,TICS.4P
4,1,P,resolved,91.85,47.22,TICS.4P
4,1,P,resolved,107.85,40.82,TICS.4P
4,1,P,resolved,123.85,36.0,TICS.4P
4,1,P,resolved,139.85,32.23,TICS.4P
4,1,P,resolved,155.85,29.19,TICS.4P
4,1,P,resolved,187.85,24.63,TICS.4P
4,1,P,resolved,219.85,21.31,TICS.4P
4,1,P,resolved,251.85,18.8,TICS.4P
4,1,P,resolved,283.85,16.84,TICS.4P
4,1,P,resolved,315.85,15.25,TICS.4P
4,1,P,resolved,379.85,12.86,TICS.4P
4,1,P,resolved,443.85,11.14,TICS.4P
4,1,P,resolved,507.85,9.825,TICS.4P
4,1,P,resolved,571.85,8.801,TICS.4P
4,1,P,resolved,635.85,7.976,TICS.4P
4,1,P,resolved,699.85,7.296,TICS.4P
4,1,P,resolved,763.85,6.727,TICS.4P
4,1,P,resolved,827.85,6.242,TICS.4P
4,1,P,resolved,891.85,5.824,TICS.4P
4,1,P,resolved,955.85,5.46,TICS.4P
4,0,S,resolved,0.8503625,0.0,TICS.4S
4,0,S,resolved,0.94456,81.14,TICS.4S
4,0,S,resolved,1.0504,171.4,TICS.4S
4,0,S,resolved,1.2504,346.3,TICS.4S
4,0,S,resolved,1.4504,449.5,TICS.4S
4,0,S,resolved,1.6504,505.6,TICS.4S
4,0,S,resolved,1.8504,523.4,TICS.4S
4,0,S,resolved,2.8504,540.1,TICS.4S
4,0,S,resolved,3.8504,478.8,TICS.4S
4,0,S,resolved,4.8504,414.6,TICS.4S
4,0,S,resolved,5.8504,366.8,TICS.4S
4,0,S,resolved,7.8504,294.9,TICS.4S
4,0,S,resolved,9.8504,256.7,TICS.4S
4,0,S,resolved,11.85,232.0,TICS.4S
4,0,S,resolved,13.85,212.4,TICS.4S
4,0,S,resolved,15.85,195.4,TICS.4S
4,0,S,resolved,19.85,167.5,TICS.4S
4,0,S,resolved,23.85,145.0,TICS.4S
4,0,S,resolved,27.85,127.6,TICS.4S
4,0,S,resolved,31.85,114.0,TICS.4S
4,0,S,resolved,35.85,103.0,TICS.4S
4,0,S,resolved,43.85,86.69,TICS.4S
4,0,S,resolved,51.85,74.93,TICS.4S
4,0,S,resolved,59.85,66.07,TICS.4S
4,0,S,resolved,67.85,59.15,TICS.4S
4,0,S,resolved,75.85,53.57,TICS.4S
4,0,S,resolved,91.85,45.15,TICS.4S
4,0,S,resolved,107.85,39.08,TICS.4S
4,0,S,resolved,123.85,34.51,TICS.4S
4,0,S,resolved,139.85,30.92,TICS.4S
4,0,S,resolved,155.85,28.03,TICS.4S
4,0,S,resolved,187.85,23.69,TICS.4S
4,0,S,resolved,219.85,20.52,TICS.4S
4,0,S,resolved,251.85,18.13,TICS.4S
4,0,S,resolved,283.85,16.25,TICS.4S
4,0,S,resolved,315.85,14.73,TICS.4S
4,0,S,resolved,379.85,12.44,TICS.4S
4,0,S,resolved,443.85,10.78,TICS.4S
4,0,S,resolved,507.85,9.522,TICS.4S
4,0,S,resolved,571.85,8.537,TICS.4S
4,0,S,resolved,635.85,7.742,TICS.4S
4,0,S,resolved,699.85,7.086,TICS.4S
4,0,S,resolved,763.85,6.537,TICS.4S
4,0,S,resolved,827.85,6.069,TICS.4S
4,0,S,resolved,891.85,5.665,TICS.4S
4,0,S,resolved,955.85,5.314,TICS.4S
5,-1,bundled,bundled,0.544232,0.0,TICS.5
5,-1,bundled,bundled,0.63843,377.548,TICS.5
5,-1,bundled,bundled,0.74423,761.18,TICS.5
5,-1,bundled,bundled,0.94423,1346.96,TICS.5
5,-1,bundled,bundled,1.1442,1573.24,TICS.5
5,-1,bundled,bundled,1.3442,1622.52,TICS.5
5,-1,bundled,bundled,1.5442,1577.8,TICS.5
5,-1,bundled,bundled,2.5442,1272.11,TICS.5
5,-1,bundled,bundled,3.5442,1024.59,TICS.5
5,-1,bundled,bundled,4.5442,867.88,TICS.5
5,-1,bundled,bundled,5.5442,761.056,TICS.5
5,-1,bundled,bundled,7.5442,613.216,TICS.5
5,-1,bundled,bundled,9.5442,514.252,TICS.5
5,-1,bundled,bundled,11.544,442.636,TICS.5
5,-1,bundled,bundled,13.544,388.44,TICS.5
5,-1,bundled,bundled,15.544,345.284,TICS.5
5,-1,bundled,bundled,19.544,282.792,TICS.5
5,-1,bundled,bundled,23.544,239.18,TICS.5
5,-1,bundled,bundled,27.544,207.236,TICS.5
5,-1,bundled,bundled,31.544,183.032,TICS.5
5,-1,bundled,bundled,35.544,163.936,TICS.5
5,-1,bundled,bundled,43.544,135.72,TICS.5
5,-1,bundled,bundled,51.544,115.852,TICS.5
5,-1,bundled,bundled,59.544,101.102,TICS.5
5,-1,bundled,bundled,67.544,89.7724,TICS.5
5,-1,bundled,bundled,75.544,80.77,TICS.5
5,-1,bundled,bundled,91.544,67.3048,TICS.5
5,-1,bundled,bundled,107.54,57.7552,TICS.5
5,-1,bundled,bundled,123.54,50.6252,TICS.5
5,-1,bundled,bundled,139.54,45.0804,TICS.5
5,-1,bundled,bundled,155.54,40.6524,TICS.5
5,-1,bundled,bundled,187.54,33.9944,TICS.5
5,-1,bundled,bundled,219.54,29.2516,TICS.5
5,-1,bundled,bundled,251.54,25.6856,TICS.5
5,-1,bundled,bundled,283.54,22.9068,TICS.5
5,-1,bundled,bundled,315.54,20.6796,TICS.5
5,-1,bundled,bundled,379.54,17.3328,TICS.5
5,-1,bundled,bundled,443.54,14.9308,TICS.5
5,-1,bundled,bundled,507.54,13.1216,TICS.5
5,-1,bundled,bundled,571.54,11.712,TICS.5
5,-1,bundled,bundled,635.54,10.5815,TICS.5
5,-1,bundled,bundled,699.54,9.65308,TICS.5
5,-1,bundled,bundled,763.54,8.87436,TICS.5
5,-1,bundled,bundled,827.54,8.21576,TICS.5
5,-1,bundled,bundled,891.54,7.64944,TICS.5
5,-1,bundled,bundled,955.54,7.1578,TICS.5
5,2,D,resolved,0.544232,0.0,TICS.5D
5,2,D,resolved,0.63843,370.8,TICS.5D
5,2,D,resolved,0.74423,740.4,TICS.5D
5,2,D,resolved,0.94423,1250.0,TICS.5D
5,2,D,resolved,1.1442,1436.0,TICS.5D
5,2,D,resolved,1.3442,1458.0,TICS.5D
5,2,D,resolved,1.5442,1401.0,TICS.5D
5,2,D,resolved,2.5442,1092.0,TICS.5D
5,2,D,resolved,3.5442,887.2,TICS.5D
5,2,D,resolved,4.5442,768.0,TICS.5D
5,2,D,resolved,5.5442,683.4,TICS.5D
5,2,D,resolved,7.5442,564.0,TICS.5D
5,2,D,resolved,9.5442,480.0,TICS.5D
5,2,D,resolved,11.544,417.2,TICS.5D
5,2,D,resolved,13.544,369.3,TICS.5D
5,2,D,resolved,15.544,330.5,TICS.5D
5,2,D,resolved,19.544,274.2,TICS.5D
5,2,D,resolved,23.544,234.5,TICS.5D
5,2,D,resolved,27.544,205.1,TICS.5D
5,2,D,resolved,31.544,182.4,TICS.5D
5,2,D,resolved,35.544,164.3,TICS.5D
5,2,D,resolved,43.544,137.2,TICS.5D
5,2,D,resolved,51.544,117.9,TICS.5D
5,2,D,resolved,59.544,103.5,TICS.5D
5,2,D,resolved,67.544,92.28,TICS.5D
5,2,D,resolved,75.544,83.35,TICS.5D
5,2,D,resolved,91.544,70.01,TICS.5D
5,2,D,resolved,107.54,60.36,TICS.5D
5,2,D,resolved,123.54,53.11,TICS.5D
5,2,D,resolved,139.54,47.45,TICS.5D
5,2,D,resolved,155.54,42.91,TICS.5D
5,2,D,resolved,187.54,36.09,TICS.5D
5,2,D,resolved,219.54,31.16,TICS.5D
5,2,D,resolved,251.54,27.45,TICS.5D
5,2,D,resolved,283.54,24.54,TICS.5D
5,2,D,resolved,315.54,22.21,TICS.5D
5,2,D,resolved,379.54,18.69,TICS.5D
5,2,D,resolved,443.54,16.15,TICS.5D
5,2,D,resolved,507.54,14.23,TICS.5D
5,2,D,resolved,571.54,12.73,TICS.5D
5,2,D,resolved,635.54,11.53,TICS.5D
5,2,D,resolved,699.54,10.54,TICS.5D
5,2,D,resolved,763.54,9.705,TICS.5D
5,2,D,resolved,827.54,8.999,TICS.5D
5,2,D,resolved,891.54,8.391,TICS.5D
5,2,D,resolved,955.54,7.862,TICS.5D
5,3,F,resolved,0.544232,0.0,TICS.5F
5,3,F,resolved,0.63843,381.2,TICS.5F
5,3,F,resolved,0.74423,779.2,TICS.5F
5,3,F,resolved,0.94423,1365.0,TICS.5F
5,3,F,resolved,1.1442,1598.0,TICS.5F
5,3,F,resolved,1.3442,1642.0,TICS.5F
5,3,F,resolved,1.5442,1586.0,TICS.5F
5,3,F,resolved,2.5442,1260.0,TICS.5F
5,3,F,resolved,3.5442,1014.0,TICS.5F
5,3,F,resolved,4.5442,862.0,TICS.5F
5,3,F,resolved,5.5442,759.5,TICS.5F
5,3,F,resolved,7.5442,618.2,TICS.5F
5,3,F,resolved,9.5442,522.5,TICS.5F
5,3,F,resolved,11.544,451.2,TICS.5F
5,3,F,resolved,13.544,396.8,TICS.5F
5,3,F,resolved,15.544,352.3,TICS.5F
5,3,F,resolved,19.544,288.3,TICS.5F
5,3,F,resolved,23.544,244.3,TICS.5F
5,3,F,resolved,27.544,212.2,TICS.5F
5,3,F,resolved,31.544,187.9,TICS.5F
5,3,F,resolved,35.544,168.7,TICS.5F
5,3,F,resolved,43.544,140.2,TICS.5F
5,3,F,resolved,51.544,120.0,TICS.5F
5,3,F,resolved,59.544,104.9,TICS.5F
5,3,F,resolved,67.544,93.29,TICS.5F
5,3,F,resolved,75.544,84.02,TICS.5F
5,3,F,resolved,91.544,70.21,TICS.5F
5,3,F,resolved,107.54,60.27,TICS.5F
5,3,F,resolved,123.54,52.84,TICS.5F
5,3,F,resolved,139.54,47.06,TICS.5F
5,3,F,resolved,155.54,42.44,TICS.5F
5,3,F,resolved,187.54,35.49,TICS.5F
5,3,F,resolved,219.54,30.54,TICS.5F
5,3,F,resolved,251.54,26.82,TICS.5F
5,3,F,resolved,283.54,23.92,TICS.5F
5,3,F,resolved,315.54,21.59,TICS.5F
5,3,F,resolved,379.54,18.1,TICS.5F
5,3,F,resolved,443.54,15.59,TICS.5F
5,3,F,resolved,507.54,13.7,TICS.5F
5,3,F,resolved,571.54,12.23,TICS.5F
5,3,F,resolved,635.54,11.05,TICS.5F
5,3,F,resolved,699.54,10.08,TICS.5F
5,3,F,resolved,763.54,9.265,TICS.5F
5,3,F,resolved,827.54,8.577,TICS.5F
5,3,F,resolved,891.54,7.986,TICS.5F
5,3,F,resolved,955.54,7.473,TICS.5F
5,4,G,resolved,0.544232,0.0,TICS.5G
5,4,G,resolved,0.63843,394.8,TICS.5G
5,4,G,resolved,0.74423,795.5,TICS.5G
5,4,G,resolved,0.94423,1476.0,TICS.5G
5,4,G,resolved,1.1442,1746.0,TICS.5G
5,4,G,resolved,1.3442,1828.0,TICS.5G
5,4,G,resolved,1.5442,1804.0,TICS.5G
5,4,G,resolved,2.5442,1515.0,TICS.5G
5,4,G,resolved,3.5442,1214.0,TICS.5G
5,4,G,resolved,4.5442,1005.0,TICS.5G
5,4,G,resolved,5.5442,864.5,TICS.5G
5,4,G,resolved,7.5442,676.5,TICS.5G
5,4,G,resolved,9.5442,557.4,TICS.5G
5,4,G,resolved,11.544,474.5,TICS.5G
5,4,G,resolved,13.544,412.6,TICS.5G
5,4,G,resolved,15.544,364.7,TICS.5G
5,4,G,resolved,19.544,294.9,TICS.5G
5,4,G,resolved,23.544,246.5,TICS.5G
5,4,G,resolved,27.544,211.2,TICS.5G
5,4,G,resolved,31.544,184.9,TICS.5G
5,4,G,resolved,35.544,164.3,TICS.5G
5,4,G,resolved,43.544,134.3,TICS.5G
5,4,G,resolved,51.544,113.5,TICS.5G
5,4,G,resolved,59.544,98.23,TICS.5G
5,4,G,resolved,67.544,86.65,TICS.5G
5,4,G,resolved,75.544,77.52,TICS.5G
5,4,G,resolved,91.544,63.84,TICS.5G
5,4,G,resolved,107.54,54.43,TICS.5G
5,4,G,resolved,123.54,47.46,TICS.5G
5,4,G,resolved,139.54,42.07,TICS.5G
5,4,G,resolved,155.54,37.79,TICS.5G
5,4,G,resolved,187.54,31.36,TICS.5G
5,4,G,resolved,219.54,26.85,TICS.5G
5,4,G,resolved,251.54,23.47,TICS.5G
5,4,G,resolved,283.54,20.85,TICS.5G
5,4,G,resolved,315.54,18.76,TICS.5G
5,4,G,resolved,379.54,15.63,TICS.5G
5,4,G,resolved,443.54,13.4,TICS.5G
5,4,G,resolved,507.54,11.73,TICS.5G
5,4,G,resolved,571.54,10.43,TICS.5G
5,4,G,resolved,635.54,9.393,TICS.5G
5,4,G,resolved,699.54,8.543,TICS.5G
5,4,G,resolved,763.54,7.835,TICS.5G
5,4,G,resolved,827.54,7.236,TICS.5G
5,4,G,resolved,891.54,6.722,TICS.5G
5,4,G,resolved,955.54,6.277,TICS.5G
5,1,P,resolved,0.544232,0.0,TICS.5P
5,1,P,resolved,0.63843,344.6,TICS.5P
5,1,P,resolved,0.74423,686.8,TICS.5P
5,1,P,resolved,0.94423,1158.0,TICS.5P
5,1,P,resolved,1.1442,1326.0,TICS.5P
5,1,P,resolved,1.3442,1345.0,TICS.5P
5,1,P,resolved,1.5442,1287.0,TICS.5P
5,1,P,resolved,2.5442,985.4,TICS.5P
5,1,P,resolved,3.5442,798.3,TICS.5P
5,1,P,resolved,4.5442,701.6,TICS.5P
5,1,P,resolved,5.5442,633.0,TICS.5P
5,1,P,resolved,7.5442,527.8,TICS.5P
5,1,P,resolved,9.5442,449.4,TICS.5P
5,1,P,resolved,11.544,391.2,TICS.5P
5,1,P,resolved,13.544,346.5,TICS.5P
5,1,P,resolved,15.544,310.6,TICS.5P
5,1,P,resolved,19.544,259.1,TICS.5P
5,1,P,resolved,23.544,221.8,TICS.5P
5,1,P,resolved,27.544,194.3,TICS.5P
5,1,P,resolved,31.544,172.9,TICS.5P
5,1,P,resolved,35.544,156.0,TICS.5P
5,1,P,resolved,43.544,130.6,TICS.5P
5,1,P,resolved,51.544,112.5,TICS.5P
5,1,P,resolved,59.544,98.95,TICS.5P
5,1,P,resolved,67.544,88.42,TICS.5P
5,1,P,resolved,75.544,79.99,TICS.5P
5,1,P,resolved,91.544,67.32,TICS.5P
5,1,P,resolved,107.54,58.16,TICS.5P
5,1,P,resolved,123.54,51.27,TICS.5P
5,1,P,resolved,139.54,45.87,TICS.5P
5,1,P,resolved,155.54,41.54,TICS.5P
5,1,P,resolved,187.54,35.01,TICS.5P
5,1,P,resolved,219.54,30.29,TICS.5P
5,1,P,resolved,251.54,26.72,TICS.5P
5,1,P,resolved,283.54,23.93,TICS.5P
5,1,P,resolved,315.54,21.68,TICS.5P
5,1,P,resolved,379.54,18.28,TICS.5P
5,1,P,resolved,443.54,15.83,TICS.5P
5,1,P,resolved,507.54,13.97,TICS.5P
5,1,P,resolved,571.54,12.52,TICS.5P
5,1,P,resolved,635.54,11.34,TICS.5P
5,1,P,resolved,699.54,10.38,TICS.5P
5,1,P,resolved,763.54,9.567,TICS.5P
5,1,P,resolved,827.54,8.879,TICS.5P
5,1,P,resolved,891.54,8.285,TICS.5P
5,1,P,resolved,955.54,7.768,TICS.5P
5,0,S,resolved,0.544232,0.0,TICS.5S
5,0,S,resolved,0.63843,329.3,TICS.5S
5,0,S,resolved,0.74423,653.2,TICS.5S
5,0,S,resolved,0.94423,1111.0,TICS.5S
5,0,S,resolved,1.1442,1273.0,TICS.5S
5,0,S,resolved,1.3442,1292.0,TICS.5S
5,0,S,resolved,1.5442,1241.0,TICS.5S
5,0,S,resolved,2.5442,931.5,TICS.5S
5,0,S,resolved,3.5442,759.9,TICS.5S
5,0,S,resolved,4.5442,673.2,TICS.5S
5,0,S,resolved,5.5442,613.4,TICS.5S
5,0,S,resolved,7.5442,511.1,TICS.5S
5,0,S,resolved,9.5442,434.0,TICS.5S
5,0,S,resolved,11.544,377.4,TICS.5S
5,0,S,resolved,13.544,334.0,TICS.5S
5,0,S,resolved,15.544,299.4,TICS.5S
5,0,S,resolved,19.544,249.3,TICS.5S
5,0,S,resolved,23.544,213.0,TICS.5S
5,0,S,resolved,27.544,186.3,TICS.5S
5,0,S,resolved,31.544,165.7,TICS.5S
5,0,S,resolved,35.544,149.3,TICS.5S
5,0,S,resolved,43.544,125.1,TICS.5S
5,0,S,resolved,51.544,107.8,TICS.5S
5,0,S,resolved,59.544,94.82,TICS.5S
5,0,S,resolved,67.544,84.77,TICS.5S
5,0,S,resolved,75.544,76.71,TICS.5S
5,0,S,resolved,91.544,64.58,TICS.5S
5,0,S,resolved,107.54,55.84,TICS.5S
5,0,S,resolved,123.54,49.25,TICS.5S
5,0,S,resolved,139.54,44.1,TICS.5S
5,0,S,resolved,155.54,39.95,TICS.5S
5,0,S,resolved,187.54,33.71,TICS.5S
5,0,S,resolved,219.54,29.19,TICS.5S
5,0,S,resolved,251.54,25.76,TICS.5S
5,0,S,resolved,283.54,23.09,TICS.5S
5,0,S,resolved,315.54,20.93,TICS.5S
5,0,S,resolved,379.54,17.66,TICS.5S
5,0,S,resolved,443.54,15.3,TICS.5S
5,0,S,resolved,507.54,13.51,TICS.5S
5,0,S,resolved,571.54,12.11,TICS.5S
5,0,S,resolved,635.54,10.98,TICS.5S
5,0,S,resolved,699.54,10.04,TICS.5S
5,0,S,resolved,763.54,9.263,TICS.5S
5,0,S,resolved,827.54,8.599,TICS.5S
5,0,S,resolved,891.54,8.026,TICS.5S
5,0,S,resolved,955.54,7.527,TICS.5S
6,-1,bundled,bundled,0.3779389,0.0,TICS.6
6,-1,bundled,bundled,0.47214,1095.19,TICS.6
6,-1,bundled,bundled,0.57794,2061.78,TICS.6
6,-1,bundled,bundled,0.77794,2868.64,TICS.6
6,-1,bundled,bundled,0.97794,2922.86,TICS.6
6,-1,bundled,bundled,1.1779,2765.33,TICS.6
6,-1,bundled,bundled,1.3779,2543.44,TICS.6
6,-1,bundled,bundled,2.3779,1851.81,TICS.6
6,-1,bundled,bundled,3.3779,1465.33,TICS.6
6,-1,bundled,bundled,4.3779,1229.56,TICS.6
6,-1,bundled,bundled,5.3779,1058.69,TICS.6
6,-1,bundled,bundled,7.3779,832.711,TICS.6
6,-1,bundled,bundled,9.3779,681.236,TICS.6
6,-1,bundled,bundled,11.378,577.27,TICS.6
6,-1,bundled,bundled,13.378,500.686,TICS.6
6,-1,bundled,bundled,15.378,441.856,TICS.6
6,-1,bundled,bundled,19.378,358.781,TICS.6
6,-1,bundled,bundled,23.378,300.464,TICS.6
6,-1,bundled,bundled,27.378,258.686,TICS.6
6,-1,bundled,bundled,31.378,227.339,TICS.6
6,-1,bundled,bundled,35.378,203.0,TICS.6
6,-1,bundled,bundled,43.378,167.494,TICS.6
6,-1,bundled,bundled,51.378,142.75,TICS.6
6,-1,bundled,bundled,59.378,124.381,TICS.6
6,-1,bundled,bundled,67.378,110.331,TICS.6
6,-1,bundled,bundled,75.378,99.1956,TICS.6
6,-1,bundled,bundled,91.378,82.505,TICS.6
6,-1,bundled,bundled,107.38,70.7427,TICS.6
6,-1,bundled,bundled,123.38,61.9719,TICS.6
6,-1,bundled,bundled,139.38,55.1575,TICS.6
6,-1,bundled,bundled,155.38,49.7173,TICS.6
6,-1,bundled,bundled,187.38,41.5484,TICS.6
6,-1,bundled,bundled,219.38,35.7342,TICS.6
6,-1,bundled,bundled,251.38,31.3662,TICS.6
6,-1,bundled,bundled,283.38,27.9714,TICS.6
6,-1,bundled,bundled,315.38,25.2505,TICS.6
6,-1,bundled,bundled,379.38,21.1533,TICS.6
6,-1,bundled,bundled,443.38,18.2186,TICS.6
6,-1,bundled,bundled,507.38,16.0103,TICS.6
6,-1,bundled,bundled,571.38,14.2861,TICS.6
6,-1,bundled,bundled,635.38,12.9022,TICS.6
6,-1,bundled,bundled,699.38,11.7677,TICS.6
6,-1,bundled,bundled,763.38,10.8206,TICS.6
6,-1,bundled,bundled,827.38,10.0158,TICS.6
6,-1,bundled,bundled,891.38,9.3245,TICS.6
6,-1,bundled,bundled,955.38,8.72494,TICS.6
6,2,D,resolved,0.3779389,0.0,TICS.6D
6,2,D,resolved,0.47214,1036.0,TICS.6D
6,2,D,resolved,0.57794,1898.0,TICS.6D
6,2,D,resolved,0.77794,2435.0,TICS.6D
6,2,D,resolved,0.97794,2378.0,TICS.6D
6,2,D,resolved,1.1779,2200.0,TICS.6D
6,2,D,resolved,1.3779,2013.0,TICS.6D
6,2,D,resolved,2.3779,1502.0,TICS.6D
6,2,D,resolved,3.3779,1232.0,TICS.6D
6,2,D,resolved,4.3779,1070.0,TICS.6D
6,2,D,resolved,5.3779,944.9,TICS.6D
6,2,D,resolved,7.3779,771.1,TICS.6D
6,2,D,resolved,9.3779,646.5,TICS.6D
6,2,D,resolved,11.378,558.3,TICS.6D
6,2,D,resolved,13.378,492.6,TICS.6D
6,2,D,resolved,15.378,439.5,TICS.6D
6,2,D,resolved,19.378,365.3,TICS.6D
6,2,D,resolved,23.378,310.0,TICS.6D
6,2,D,resolved,27.378,269.6,TICS.6D
6,2,D,resolved,31.378,238.9,TICS.6D
6,2,D,resolved,35.378,214.9,TICS.6D
6,2,D,resolved,43.378,179.4,TICS.6D
6,2,D,resolved,51.378,154.2,TICS.6D
6,2,D,resolved,59.378,135.4,TICS.6D
6,2,D,resolved,67.378,120.7,TICS.6D
6,2,D,resolved,75.378,109.1,TICS.6D
6,2,D,resolved,91.378,91.62,TICS.6D
6,2,D,resolved,107.38,79.05,TICS.6D
6,2,D,resolved,123.38,69.6,TICS.6D
6,2,D,resolved,139.38,62.22,TICS.6D
6,2,D,resolved,155.38,56.3,TICS.6D
6,2,D,resolved,187.38,47.38,TICS.6D
6,2,D,resolved,219.38,40.95,TICS.6D
6,2,D,resolved,251.38,36.1,TICS.6D
6,2,D,resolved,283.38,32.31,TICS.6D
6,2,D,resolved,315.38,29.26,TICS.6D
6,2,D,resolved,379.38,24.65,TICS.6D
6,2,D,resolved,443.38,21.32,TICS.6D
6,2,D,resolved,507.38,18.81,TICS.6D
6,2,D,resolved,571.38,16.84,TICS.6D
6,2,D,resolved,635.38,15.26,TICS.6D
6,2,D,resolved,699.38,13.95,TICS.6D
6,2,D,resolved,763.38,12.86,TICS.6D
6,2,D,resolved,827.38,11.93,TICS.6D
6,2,D,resolved,891.38,11.13,TICS.6D
6,2,D,resolved,955.38,10.43,TICS.6D
6,3,F,resolved,0.3779389,0.0,TICS.6F
6,3,F,resolved,0.47214,1073.0,TICS.6F
6,3,F,resolved,0.57794,2035.0,TICS.6F
6,3,F,resolved,0.77794,2695.0,TICS.6F
6,3,F,resolved,0.97794,2680.0,TICS.6F
6,3,F,resolved,1.1779,2488.0,TICS.6F
6,3,F,resolved,1.3779,2264.0,TICS.6F
6,3,F,resolved,2.3779,1664.0,TICS.6F
6,3,F,resolved,3.3779,1343.0,TICS.6F
6,3,F,resolved,4.3779,1149.0,TICS.6F
6,3,F,resolved,5.3779,1004.0,TICS.6F
6,3,F,resolved,7.3779,810.9,TICS.6F
6,3,F,resolved,9.3779,677.2,TICS.6F
6,3,F,resolved,11.378,582.8,TICS.6F
6,3,F,resolved,13.378,512.1,TICS.6F
6,3,F,resolved,15.378,456.2,TICS.6F
6,3,F,resolved,19.378,376.4,TICS.6F
6,3,F,resolved,23.378,318.4,TICS.6F
6,3,F,resolved,27.378,276.2,TICS.6F
6,3,F,resolved,31.378,244.2,TICS.6F
6,3,F,resolved,35.378,219.2,TICS.6F
6,3,F,resolved,43.378,182.4,TICS.6F
6,3,F,resolved,51.378,156.4,TICS.6F
6,3,F,resolved,59.378,137.0,TICS.6F
6,3,F,resolved,67.378,122.0,TICS.6F
6,3,F,resolved,75.378,110.0,TICS.6F
6,3,F,resolved,91.378,92.11,TICS.6F
6,3,F,resolved,107.38,79.23,TICS.6F
6,3,F,resolved,123.38,69.59,TICS.6F
6,3,F,resolved,139.38,62.08,TICS.6F
6,3,F,resolved,155.38,56.06,TICS.6F
6,3,F,resolved,187.38,47.04,TICS.6F
6,3,F,resolved,219.38,40.56,TICS.6F
6,3,F,resolved,251.38,35.68,TICS.6F
6,3,F,resolved,283.38,31.88,TICS.6F
6,3,F,resolved,315.38,28.83,TICS.6F
6,3,F,resolved,379.38,24.22,TICS.6F
6,3,F,resolved,443.38,20.91,TICS.6F
6,3,F,resolved,507.38,18.41,TICS.6F
6,3,F,resolved,571.38,16.46,TICS.6F
6,3,F,resolved,635.38,14.89,TICS.6F
6,3,F,resolved,699.38,13.6,TICS.6F
6,3,F,resolved,763.38,12.52,TICS.6F
6,3,F,resolved,827.38,11.6,TICS.6F
6,3,F,resolved,891.38,10.81,TICS.6F
6,3,F,resolved,955.38,10.13,TICS.6F
6,4,G,resolved,0.3779389,0.0,TICS.6G
6,4,G,resolved,0.47214,1108.0,TICS.6G
6,4,G,resolved,0.57794,2122.0,TICS.6G
6,4,G,resolved,0.77794,2979.0,TICS.6G
6,4,G,resolved,0.97794,3052.0,TICS.6G
6,4,G,resolved,1.1779,2879.0,TICS.6G
6,4,G,resolved,1.3779,2630.0,TICS.6G
6,4,G,resolved,2.3779,1890.0,TICS.6G
6,4,G,resolved,3.3779,1487.0,TICS.6G
6,4,G,resolved,4.3779,1234.0,TICS.6G
6,4,G,resolved,5.3779,1051.0,TICS.6G
6,4,G,resolved,7.3779,813.8,TICS.6G
6,4,G,resolved,9.3779,659.2,TICS.6G
6,4,G,resolved,11.378,555.1,TICS.6G
6,4,G,resolved,13.378,479.5,TICS.6G
6,4,G,resolved,15.378,422.4,TICS.6G
6,4,G,resolved,19.378,342.1,TICS.6G
6,4,G,resolved,23.378,286.4,TICS.6G
6,4,G,resolved,27.378,246.5,TICS.6G
6,4,G,resolved,31.378,216.5,TICS.6G
6,4,G,resolved,35.378,193.1,TICS.6G
6,4,G,resolved,43.378,158.8,TICS.6G
6,4,G,resolved,51.378,135.0,TICS.6G
6,4,G,resolved,59.378,117.3,TICS.6G
6,4,G,resolved,67.378,103.8,TICS.6G
6,4,G,resolved,75.378,93.14,TICS.6G
6,4,G,resolved,91.378,77.15,TICS.6G
6,4,G,resolved,107.38,65.95,TICS.6G
6,4,G,resolved,123.38,57.62,TICS.6G
6,4,G,resolved,139.38,51.16,TICS.6G
6,4,G,resolved,155.38,46.03,TICS.6G
6,4,G,resolved,187.38,38.33,TICS.6G
6,4,G,resolved,219.38,32.88,TICS.6G
6,4,G,resolved,251.38,28.79,TICS.6G
6,4,G,resolved,283.38,25.62,TICS.6G
6,4,G,resolved,315.38,23.09,TICS.6G
6,4,G,resolved,379.38,19.28,TICS.6G
6,4,G,resolved,443.38,16.57,TICS.6G
6,4,G,resolved,507.38,14.53,TICS.6G
6,4,G,resolved,571.38,12.94,TICS.6G
6,4,G,resolved,635.38,11.66,TICS.6G
6,4,G,resolved,699.38,10.62,TICS.6G
6,4,G,resolved,763.38,9.753,TICS.6G
6,4,G,resolved,827.38,9.017,TICS.6G
6,4,G,resolved,891.38,8.385,TICS.6G
6,4,G,resolved,955.38,7.837,TICS.6G
6,5,H,resolved,0.3779389,0.0,TICS.6H
6,5,H,resolved,0.47214,1168.0,TICS.6H
6,5,H,resolved,0.57794,2214.0,TICS.6H
6,5,H,resolved,0.77794,3315.0,TICS.6H
6,5,H,resolved,0.97794,3490.0,TICS.6H
6,5,H,resolved,1.1779,3384.0,TICS.6H
6,5,H,resolved,1.3779,3148.0,TICS.6H
6,5,H,resolved,2.3779,2264.0,TICS.6H
6,5,H,resolved,3.3779,1743.0,TICS.6H
6,5,H,resolved,4.3779,1429.0,TICS.6H
6,5,H,resolved,5.3779,1209.0,TICS.6H
6,5,H,resolved,7.3779,924.6,TICS.6H
6,5,H,resolved,9.3779,741.5,TICS.6H
6,5,H,resolved,11.378,617.5,TICS.6H
6,5,H,resolved,13.378,526.1,TICS.6H
6,5,H,resolved,15.378,458.7,TICS.6H
6,5,H,resolved,19.378,362.5,TICS.6H
6,5,H,resolved,23.378,298.5,TICS.6H
6,5,H,resolved,27.378,253.7,TICS.6H
6,5,H,resolved,31.378,220.6,TICS.6H
6,5,H,resolved,35.378,195.2,TICS.6H
6,5,H,resolved,43.378,158.8,TICS.6H
6,5,H,resolved,51.378,133.9,TICS.6H
6,5,H,resolved,59.378,115.6,TICS.6H
6,5,H,resolved,67.378,101.9,TICS.6H
6,5,H,resolved,75.378,91.08,TICS.6H
6,5,H,resolved,91.378,74.88,TICS.6H
6,5,H,resolved,107.38,63.78,TICS.6H
6,5,H,resolved,123.38,55.57,TICS.6H
6,5,H,resolved,139.38,49.23,TICS.6H
6,5,H,resolved,155.38,44.19,TICS.6H
6,5,H,resolved,187.38,36.63,TICS.6H
6,5,H,resolved,219.38,31.33,TICS.6H
6,5,H,resolved,251.38,27.37,TICS.6H
6,5,H,resolved,283.38,24.31,TICS.6H
6,5,H,resolved,315.38,21.86,TICS.6H
6,5,H,resolved,379.38,18.2,TICS.6H
6,5,H,resolved,443.38,15.59,TICS.6H
6,5,H,resolved,507.38,13.64,TICS.6H
6,5,H,resolved,571.38,12.12,TICS.6H
6,5,H,resolved,635.38,10.91,TICS.6H
6,5,H,resolved,699.38,9.919,TICS.6H
6,5,H,resolved,763.38,9.094,TICS.6H
6,5,H,resolved,827.38,8.395,TICS.6H
6,5,H,resolved,891.38,7.797,TICS.6H
6,5,H,resolved,955.38,7.279,TICS.6H
6,1,P,resolved,0.3779389,0.0,TICS.6P
6,1,P,resolved,0.47214,980.7,TICS.6P
6,1,P,resolved,0.57794,1777.0,TICS.6P
6,1,P,resolved,0.77794,2256.0,TICS.6P
6,1,P,resolved,0.97794,2198.0,TICS.6P
6,1,P,resolved,1.1779,2021.0,TICS.6P
6,1,P,resolved,1.3779,1855.0,TICS.6P
6,1,P,resolved,2.3779,1409.0,TICS.6P
6,1,P,resolved,3.3779,1167.0,TICS.6P
6,1,P,resolved,4.3779,1017.0,TICS.6P
6,1,P,resolved,5.3779,904.4,TICS.6P
6,1,P,resolved,7.3779,741.0,TICS.6P
6,1,P,resolved,9.3779,618.9,TICS.6P
6,1,P,resolved,11.378,533.8,TICS.6P
6,1,P,resolved,13.378,471.6,TICS.6P
6,1,P,resolved,15.378,420.1,TICS.6P
6,1,P,resolved,19.378,349.8,TICS.6P
6,1,P,resolved,23.378,296.7,TICS.6P
6,1,P,resolved,27.378,257.8,TICS.6P
6,1,P,resolved,31.378,228.4,TICS.6P
6,1,P,resolved,35.378,205.4,TICS.6P
6,1,P,resolved,43.378,171.6,TICS.6P
6,1,P,resolved,51.378,147.7,TICS.6P
6,1,P,resolved,59.378,129.8,TICS.6P
6,1,P,resolved,67.378,115.9,TICS.6P
6,1,P,resolved,75.378,104.8,TICS.6P
6,1,P,resolved,91.378,88.12,TICS.6P
6,1,P,resolved,107.38,76.12,TICS.6P
6,1,P,resolved,123.38,67.1,TICS.6P
6,1,P,resolved,139.38,60.04,TICS.6P
6,1,P,resolved,155.38,54.36,TICS.6P
6,1,P,resolved,187.38,45.81,TICS.6P
6,1,P,resolved,219.38,39.64,TICS.6P
6,1,P,resolved,251.38,34.98,TICS.6P
6,1,P,resolved,283.38,31.33,TICS.6P
6,1,P,resolved,315.38,28.4,TICS.6P
6,1,P,resolved,379.38,23.95,TICS.6P
6,1,P,resolved,443.38,20.74,TICS.6P
6,1,P,resolved,507.38,18.31,TICS.6P
6,1,P,resolved,571.38,16.41,TICS.6P
6,1,P,resolved,635.38,14.87,TICS.6P
6,1,P,resolved,699.38,13.61,TICS.6P
6,1,P,resolved,763.38,12.55,TICS.6P
6,1,P,resolved,827.38,11.65,TICS.6P
6,1,P,resolved,891.38,10.87,TICS.6P
6,1,P,resolved,955.38,10.19,TICS.6P
6,0,S,resolved,0.3779389,0.0,TICS.6S
6,0,S,resolved,0.47214,973.9,TICS.6S
6,0,S,resolved,0.57794,1706.0,TICS.6S
6,0,S,resolved,0.77794,2187.0,TICS.6S
6,0,S,resolved,0.97794,2121.0,TICS.6S
6,0,S,resolved,1.1779,1938.0,TICS.6S
6,0,S,resolved,1.3779,1788.0,TICS.6S
6,0,S,resolved,2.3779,1366.0,TICS.6S
6,0,S,resolved,3.3779,1134.0,TICS.6S
6,0,S,resolved,4.3779,995.0,TICS.6S
6,0,S,resolved,5.3779,889.0,TICS.6S
6,0,S,resolved,7.3779,728.0,TICS.6S
6,0,S,resolved,9.3779,605.6,TICS.6S
6,0,S,resolved,11.378,520.8,TICS.6S
6,0,S,resolved,13.378,459.6,TICS.6S
6,0,S,resolved,15.378,408.3,TICS.6S
6,0,S,resolved,19.378,339.0,TICS.6S
6,0,S,resolved,23.378,286.7,TICS.6S
6,0,S,resolved,27.378,248.7,TICS.6S
6,0,S,resolved,31.378,220.0,TICS.6S
6,0,S,resolved,35.378,197.8,TICS.6S
6,0,S,resolved,43.378,165.2,TICS.6S
6,0,S,resolved,51.378,142.2,TICS.6S
6,0,S,resolved,59.378,125.0,TICS.6S
6,0,S,resolved,67.378,111.6,TICS.6S
6,0,S,resolved,75.378,101.0,TICS.6S
6,0,S,resolved,91.378,84.92,TICS.6S
6,0,S,resolved,107.38,73.39,TICS.6S
6,0,S,resolved,123.38,64.71,TICS.6S
6,0,S,resolved,139.38,57.92,TICS.6S
6,0,S,resolved,155.38,52.46,TICS.6S
6,0,S,resolved,187.38,44.23,TICS.6S
6,0,S,resolved,219.38,38.29,TICS.6S
6,0,S,resolved,251.38,33.8,TICS.6S
6,0,S,resolved,283.38,30.28,TICS.6S
6,0,S,resolved,315.38,27.44,TICS.6S
6,0,S,resolved,379.38,23.16,TICS.6S
6,0,S,resolved,443.38,20.06,TICS.6S
6,0,S,resolved,507.38,17.71,TICS.6S
6,0,S,resolved,571.38,15.87,TICS.6S
6,0,S,resolved,635.38,14.39,TICS.6S
6,0,S,resolved,699.38,13.17,TICS.6S
6,0,S,resolved,763.38,12.14,TICS.6S
6,0,S,resolved,827.38,11.27,TICS.6S
6,0,S,resolved,891.38,10.52,TICS.6S
6,0,S,resolved,955.38,9.866,TICS.6S
7,-1,bundled,bundled,0.2776694,0.0,TICS.7
7,-1,bundled,bundled,0.37187,2283.85,TICS.7
7,-1,bundled,bundled,0.47767,3824.5,TICS.7
7,-1,bundled,bundled,0.67767,4485.43,TICS.7
7,-1,bundled,bundled,0.87767,4250.78,TICS.7
7,-1,bundled,bundled,1.0777,3877.85,TICS.7
7,-1,bundled,bundled,1.2777,3524.35,TICS.7
7,-1,bundled,bundled,2.2777,2406.47,TICS.7
7,-1,bundled,bundled,3.2777,1841.77,TICS.7
7,-1,bundled,bundled,4.2777,1502.63,TICS.7
7,-1,bundled,bundled,5.2777,1266.41,TICS.7
7,-1,bundled,bundled,7.2777,975.25,TICS.7
7,-1,bundled,bundled,9.2777,791.857,TICS.7
7,-1,bundled,bundled,11.278,668.413,TICS.7
7,-1,bundled,bundled,13.278,581.13,TICS.7
7,-1,bundled,bundled,15.278,510.576,TICS.7
7,-1,bundled,bundled,19.278,415.669,TICS.7
7,-1,bundled,bundled,23.278,347.618,TICS.7
7,-1,bundled,bundled,27.278,298.102,TICS.7
7,-1,bundled,bundled,31.278,260.714,TICS.7
7,-1,bundled,bundled,35.278,231.763,TICS.7
7,-1,bundled,bundled,43.278,190.412,TICS.7
7,-1,bundled,bundled,51.278,161.957,TICS.7
7,-1,bundled,bundled,59.278,141.119,TICS.7
7,-1,bundled,bundled,67.278,125.113,TICS.7
7,-1,bundled,bundled,75.278,112.407,TICS.7
7,-1,bundled,bundled,91.278,93.43,TICS.7
7,-1,bundled,bundled,107.28,80.0936,TICS.7
7,-1,bundled,bundled,123.28,70.1442,TICS.7
7,-1,bundled,bundled,139.28,62.4279,TICS.7
7,-1,bundled,bundled,155.28,56.2666,TICS.7
7,-1,bundled,bundled,187.28,47.0139,TICS.7
7,-1,bundled,bundled,219.28,40.4363,TICS.7
7,-1,bundled,bundled,251.28,35.4962,TICS.7
7,-1,bundled,bundled,283.28,31.6485,TICS.7
7,-1,bundled,bundled,315.28,28.5677,TICS.7
7,-1,bundled,bundled,379.28,23.9356,TICS.7
7,-1,bundled,bundled,443.28,20.6147,TICS.7
7,-1,bundled,bundled,507.28,18.1161,TICS.7
7,-1,bundled,bundled,571.28,16.1669,TICS.7
7,-1,bundled,bundled,635.28,14.6016,TICS.7
7,-1,bundled,bundled,699.28,13.3173,TICS.7
7,-1,bundled,bundled,763.28,12.2459,TICS.7
7,-1,bundled,bundled,827.28,11.3354,TICS.7
7,-1,bundled,bundled,891.28,10.5531,TICS.7
7,-1,bundled,bundled,955.28,9.87471,TICS.7
7,2,D,resolved,0.2776694,0.0,TICS.7D
7,2,D,resolved,0.37187,2059.0,TICS.7D
7,2,D,resolved,0.47767,3171.0,TICS.7D
7,2,D,resolved,0.67767,3521.0,TICS.7D
7,2,D,resolved,0.87767,3334.0,TICS.7D
7,2,D,resolved,1.0777,3092.0,TICS.7D
7,2,D,resolved,1.2777,2850.0,TICS.7D
7,2,D,resolved,2.2777,2108.0,TICS.7D
7,2,D,resolved,3.2777,1729.0,TICS.7D
7,2,D,resolved,4.2777,1478.0,TICS.7D
7,2,D,resolved,5.2777,1282.0,TICS.7D
7,2,D,resolved,7.2777,1031.0,TICS.7D
7,2,D,resolved,9.2777,862.1,TICS.7D
7,2,D,resolved,11.278,743.1,TICS.7D
7,2,D,resolved,13.278,655.5,TICS.7D
7,2,D,resolved,15.278,583.8,TICS.7D
7,2,D,resolved,19.278,486.4,TICS.7D
7,2,D,resolved,23.278,413.0,TICS.7D
7,2,D,resolved,27.278,357.9,TICS.7D
7,2,D,resolved,31.278,315.1,TICS.7D
7,2,D,resolved,35.278,281.6,TICS.7D
7,2,D,resolved,43.278,233.5,TICS.7D
7,2,D,resolved,51.278,200.3,TICS.7D
7,2,D,resolved,59.278,175.7,TICS.7D
7,2,D,resolved,67.278,156.7,TICS.7D
7,2,D,resolved,75.278,141.6,TICS.7D
7,2,D,resolved,91.278,118.8,TICS.7D
7,2,D,resolved,107.28,102.5,TICS.7D
7,2,D,resolved,123.28,90.27,TICS.7D
7,2,D,resolved,139.28,80.71,TICS.7D
7,2,D,resolved,155.28,73.04,TICS.7D
7,2,D,resolved,187.28,61.47,TICS.7D
7,2,D,resolved,219.28,53.16,TICS.7D
7,2,D,resolved,251.28,46.88,TICS.7D
7,2,D,resolved,283.28,41.96,TICS.7D
7,2,D,resolved,315.28,38.01,TICS.7D
7,2,D,resolved,379.28,32.04,TICS.7D
7,2,D,resolved,443.28,27.73,TICS.7D
7,2,D,resolved,507.28,24.47,TICS.7D
7,2,D,resolved,571.28,21.91,TICS.7D
7,2,D,resolved,635.28,19.86,TICS.7D
7,2,D,resolved,699.28,18.16,TICS.7D
7,2,D,resolved,763.28,16.74,TICS.7D
7,2,D,resolved,827.28,15.53,TICS.7D
7,2,D,resolved,891.28,14.49,TICS.7D
7,2,D,resolved,955.28,13.59,TICS.7D
7,3,F,resolved,0.2776694,0.0,TICS.7F
7,3,F,resolved,0.37187,2125.0,TICS.7F
7,3,F,resolved,0.47767,3453.0,TICS.7F
7,3,F,resolved,0.67767,3852.0,TICS.7F
7,3,F,resolved,0.87767,3642.0,TICS.7F
7,3,F,resolved,1.0777,3354.0,TICS.7F
7,3,F,resolved,1.2777,3072.0,TICS.7F
7,3,F,resolved,2.2777,2231.0,TICS.7F
7,3,F,resolved,3.2777,1806.0,TICS.7F
7,3,F,resolved,4.2777,1531.0,TICS.7F
7,3,F,resolved,5.2777,1328.0,TICS.7F
7,3,F,resolved,7.2777,1066.0,TICS.7F
7,3,F,resolved,9.2777,890.8,TICS.7F
7,3,F,resolved,11.278,767.9,TICS.7F
7,3,F,resolved,13.278,676.9,TICS.7F
7,3,F,resolved,15.278,602.4,TICS.7F
7,3,F,resolved,19.278,500.0,TICS.7F
7,3,F,resolved,23.278,423.2,TICS.7F
7,3,F,resolved,27.278,365.9,TICS.7F
7,3,F,resolved,31.278,322.0,TICS.7F
7,3,F,resolved,35.278,287.6,TICS.7F
7,3,F,resolved,43.278,238.4,TICS.7F
7,3,F,resolved,51.278,204.2,TICS.7F
7,3,F,resolved,59.278,178.9,TICS.7F
7,3,F,resolved,67.278,159.4,TICS.7F
7,3,F,resolved,75.278,143.8,TICS.7F
7,3,F,resolved,91.278,120.5,TICS.7F
7,3,F,resolved,107.28,103.8,TICS.7F
7,3,F,resolved,123.28,91.27,TICS.7F
7,3,F,resolved,139.28,81.5,TICS.7F
7,3,F,resolved,155.28,73.68,TICS.7F
7,3,F,resolved,187.28,61.9,TICS.7F
7,3,F,resolved,219.28,53.45,TICS.7F
7,3,F,resolved,251.28,47.08,TICS.7F
7,3,F,resolved,283.28,42.1,TICS.7F
7,3,F,resolved,315.28,38.1,TICS.7F
7,3,F,resolved,379.28,32.06,TICS.7F
7,3,F,resolved,443.28,27.71,TICS.7F
7,3,F,resolved,507.28,24.43,TICS.7F
7,3,F,resolved,571.28,21.86,TICS.7F
7,3,F,resolved,635.28,19.79,TICS.7F
7,3,F,resolved,699.28,18.08,TICS.7F
7,3,F,resolved,763.28,16.66,TICS.7F
7,3,F,resolved,827.28,15.45,TICS.7F
7,3,F,resolved,891.28,14.41,TICS.7F
7,3,F,resolved,955.28,13.5,TICS.7F
7,4,G,resolved,0.2776694,0.0,TICS.7G
7,4,G,resolved,0.37187,2216.0,TICS.7G
7,4,G,resolved,0.47767,3735.0,TICS.7G
7,4,G,resolved,0.67767,4338.0,TICS.7G
7,4,G,resolved,0.87767,4073.0,TICS.7G
7,4,G,resolved,1.0777,3711.0,TICS.7G
7,4,G,resolved,1.2777,3378.0,TICS.7G
7,4,G,resolved,2.2777,2315.0,TICS.7G
7,4,G,resolved,3.2777,1776.0,TICS.7G
7,4,G,resolved,4.2777,1454.0,TICS.7G
7,4,G,resolved,5.2777,1230.0,TICS.7G
7,4,G,resolved,7.2777,954.7,TICS.7G
7,4,G,resolved,9.2777,781.0,TICS.7G
7,4,G,resolved,11.278,663.5,TICS.7G
7,4,G,resolved,13.278,579.4,TICS.7G
7,4,G,resolved,15.278,511.2,TICS.7G
7,4,G,resolved,19.278,419.1,TICS.7G
7,4,G,resolved,23.278,351.3,TICS.7G
7,4,G,resolved,27.278,301.5,TICS.7G
7,4,G,resolved,31.278,263.8,TICS.7G
7,4,G,resolved,35.278,234.6,TICS.7G
7,4,G,resolved,43.278,192.8,TICS.7G
7,4,G,resolved,51.278,163.9,TICS.7G
7,4,G,resolved,59.278,142.8,TICS.7G
7,4,G,resolved,67.278,126.5,TICS.7G
7,4,G,resolved,75.278,113.6,TICS.7G
7,4,G,resolved,91.278,94.37,TICS.7G
7,4,G,resolved,107.28,80.81,TICS.7G
7,4,G,resolved,123.28,70.7,TICS.7G
7,4,G,resolved,139.28,62.86,TICS.7G
7,4,G,resolved,155.28,56.62,TICS.7G
7,4,G,resolved,187.28,47.26,TICS.7G
7,4,G,resolved,219.28,40.6,TICS.7G
7,4,G,resolved,251.28,35.6,TICS.7G
7,4,G,resolved,283.28,31.72,TICS.7G
7,4,G,resolved,315.28,28.61,TICS.7G
7,4,G,resolved,379.28,23.94,TICS.7G
7,4,G,resolved,443.28,20.6,TICS.7G
7,4,G,resolved,507.28,18.08,TICS.7G
7,4,G,resolved,571.28,16.12,TICS.7G
7,4,G,resolved,635.28,14.55,TICS.7G
7,4,G,resolved,699.28,13.26,TICS.7G
7,4,G,resolved,763.28,12.19,TICS.7G
7,4,G,resolved,827.28,11.28,TICS.7G
7,4,G,resolved,891.28,10.49,TICS.7G
7,4,G,resolved,955.28,9.814,TICS.7G
7,5,H,resolved,0.2776694,0.0,TICS.7H
7,5,H,resolved,0.37187,2373.0,TICS.7H
7,5,H,resolved,0.47767,4004.0,TICS.7H
7,5,H,resolved,0.67767,4812.0,TICS.7H
7,5,H,resolved,0.87767,4581.0,TICS.7H
7,5,H,resolved,1.0777,4158.0,TICS.7H
7,5,H,resolved,1.2777,3739.0,TICS.7H
7,5,H,resolved,2.2777,2479.0,TICS.7H
7,5,H,resolved,3.2777,1861.0,TICS.7H
7,5,H,resolved,4.2777,1498.0,TICS.7H
7,5,H,resolved,5.2777,1255.0,TICS.7H
7,5,H,resolved,7.2777,957.7,TICS.7H
7,5,H,resolved,9.2777,772.9,TICS.7H
7,5,H,resolved,11.278,649.5,TICS.7H
7,5,H,resolved,13.278,563.3,TICS.7H
7,5,H,resolved,15.278,492.7,TICS.7H
7,5,H,resolved,19.278,397.9,TICS.7H
7,5,H,resolved,23.278,330.3,TICS.7H
7,5,H,resolved,27.278,281.6,TICS.7H
7,5,H,resolved,31.278,245.2,TICS.7H
7,5,H,resolved,35.278,217.2,TICS.7H
7,5,H,resolved,43.278,177.3,TICS.7H
7,5,H,resolved,51.278,149.9,TICS.7H
7,5,H,resolved,59.278,130.0,TICS.7H
7,5,H,resolved,67.278,114.8,TICS.7H
7,5,H,resolved,75.278,102.7,TICS.7H
7,5,H,resolved,91.278,84.73,TICS.7H
7,5,H,resolved,107.28,72.31,TICS.7H
7,5,H,resolved,123.28,63.09,TICS.7H
7,5,H,resolved,139.28,55.98,TICS.7H
7,5,H,resolved,155.28,50.31,TICS.7H
7,5,H,resolved,187.28,41.81,TICS.7H
7,5,H,resolved,219.28,35.83,TICS.7H
7,5,H,resolved,251.28,31.35,TICS.7H
7,5,H,resolved,283.28,27.88,TICS.7H
7,5,H,resolved,315.28,25.1,TICS.7H
7,5,H,resolved,379.28,20.94,TICS.7H
7,5,H,resolved,443.28,17.97,TICS.7H
7,5,H,resolved,507.28,15.75,TICS.7H
7,5,H,resolved,571.28,14.02,TICS.7H
7,5,H,resolved,635.28,12.63,TICS.7H
7,5,H,resolved,699.28,11.5,TICS.7H
7,5,H,resolved,763.28,10.55,TICS.7H
7,5,H,resolved,827.28,9.749,TICS.7H
7,5,H,resolved,891.28,9.062,TICS.7H
7,5,H,resolved,955.28,8.466,TICS.7H
7,6,I,resolved,0.2776694,0.0,TICS.7I
7,6,I,resolved,0.37187,2563.0,TICS.7I
7,6,I,resolved,0.47767,4477.0,TICS.7I
7,6,I,resolved,0.67767,5411.0,TICS.7I
7,6,I,resolved,0.87767,5133.0,TICS.7I
7,6,I,resolved,1.0777,4642.0,TICS.7I
7,6,I,resolved,1.2777,4204.0,TICS.7I
7,6,I,resolved,2.2777,2739.0,TICS.7I
7,6,I,resolved,3.2777,1987.0,TICS.7I
7,6,I,resolved,4.2777,1557.0,TICS.7I
7,6,I,resolved,5.2777,1271.0,TICS.7I
7,6,I,resolved,7.2777,928.5,TICS.7I
7,6,I,resolved,9.2777,724.3,TICS.7I
7,6,I,resolved,11.278,592.8,TICS.7I
7,6,I,resolved,13.278,503.8,TICS.7I
7,6,I,resolved,15.278,433.8,TICS.7I
7,6,I,resolved,19.278,341.2,TICS.7I
7,6,I,resolved,23.278,280.0,TICS.7I
7,6,I,resolved,27.278,237.3,TICS.7I
7,6,I,resolved,31.278,206.0,TICS.7I
7,6,I,resolved,35.278,182.1,TICS.7I
7,6,I,resolved,43.278,148.0,TICS.7I
7,6,I,resolved,51.278,124.8,TICS.7I
7,6,I,resolved,59.278,107.9,TICS.7I
7,6,I,resolved,67.278,95.04,TICS.7I
7,6,I,resolved,75.278,84.95,TICS.7I
7,6,I,resolved,91.278,69.87,TICS.7I
7,6,I,resolved,107.28,59.49,TICS.7I
7,6,I,resolved,123.28,51.8,TICS.7I
7,6,I,resolved,139.28,45.88,TICS.7I
7,6,I,resolved,155.28,41.17,TICS.7I
7,6,I,resolved,187.28,34.13,TICS.7I
7,6,I,resolved,219.28,29.18,TICS.7I
7,6,I,resolved,251.28,25.49,TICS.7I
7,6,I,resolved,283.28,22.62,TICS.7I
7,6,I,resolved,315.28,20.34,TICS.7I
7,6,I,resolved,379.28,16.93,TICS.7I
7,6,I,resolved,443.28,14.5,TICS.7I
7,6,I,resolved,507.28,12.68,TICS.7I
7,6,I,resolved,571.28,11.27,TICS.7I
7,6,I,resolved,635.28,10.14,TICS.7I
7,6,I,resolved,699.28,9.22,TICS.7I
7,6,I,resolved,763.28,8.452,TICS.7I
7,6,I,resolved,827.28,7.802,TICS.7I
7,6,I,resolved,891.28,7.246,TICS.7I
7,6,I,resolved,955.28,6.763,TICS.7I
7,1,P,resolved,0.2776694,0.0,TICS.7P
7,1,P,resolved,0.37187,1843.0,TICS.7P
7,1,P,resolved,0.47767,2900.0,TICS.7P
7,1,P,resolved,0.67767,3250.0,TICS.7P
7,1,P,resolved,0.87767,3109.0,TICS.7P
7,1,P,resolved,1.0777,2914.0,TICS.7P
7,1,P,resolved,1.2777,2702.0,TICS.7P
7,1,P,resolved,2.2777,2022.0,TICS.7P
7,1,P,resolved,3.2777,1675.0,TICS.7P
7,1,P,resolved,4.2777,1434.0,TICS.7P
7,1,P,resolved,5.2777,1243.0,TICS.7P
7,1,P,resolved,7.2777,998.2,TICS.7P
7,1,P,resolved,9.2777,832.0,TICS.7P
7,1,P,resolved,11.278,714.5,TICS.7P
7,1,P,resolved,13.278,629.2,TICS.7P
7,1,P,resolved,15.278,559.7,TICS.7P
7,1,P,resolved,19.278,466.4,TICS.7P
7,1,P,resolved,23.278,395.8,TICS.7P
7,1,P,resolved,27.278,342.8,TICS.7P
7,1,P,resolved,31.278,301.5,TICS.7P
7,1,P,resolved,35.278,269.1,TICS.7P
7,1,P,resolved,43.278,223.0,TICS.7P
7,1,P,resolved,51.278,191.3,TICS.7P
7,1,P,resolved,59.278,168.0,TICS.7P
7,1,P,resolved,67.278,149.9,TICS.7P
7,1,P,resolved,75.278,135.4,TICS.7P
7,1,P,resolved,91.278,113.7,TICS.7P
7,1,P,resolved,107.28,98.2,TICS.7P
7,1,P,resolved,123.28,86.53,TICS.7P
7,1,P,resolved,139.28,77.41,TICS.7P
7,1,P,resolved,155.28,70.08,TICS.7P
7,1,P,resolved,187.28,59.03,TICS.7P
7,1,P,resolved,219.28,51.08,TICS.7P
7,1,P,resolved,251.28,45.07,TICS.7P
7,1,P,resolved,283.28,40.36,TICS.7P
7,1,P,resolved,315.28,36.58,TICS.7P
7,1,P,resolved,379.28,30.85,TICS.7P
7,1,P,resolved,443.28,26.71,TICS.7P
7,1,P,resolved,507.28,23.58,TICS.7P
7,1,P,resolved,571.28,21.13,TICS.7P
7,1,P,resolved,635.28,19.15,TICS.7P
7,1,P,resolved,699.28,17.52,TICS.7P
7,1,P,resolved,763.28,16.16,TICS.7P
7,1,P,resolved,827.28,14.99,TICS.7P
7,1,P,resolved,891.28,13.99,TICS.7P
7,1,P,resolved,955.28,13.12,TICS.7P
7,0,S,resolved,0.2776694,0.0,TICS.7S
7,0,S,resolved,0.37187,1844.0,TICS.7S
7,0,S,resolved,0.47767,2814.0,TICS.7S
7,0,S,resolved,0.67767,3150.0,TICS.7S
7,0,S,resolved,0.87767,3020.0,TICS.7S
7,0,S,resolved,1.0777,2852.0,TICS.7S
7,0,S,resolved,1.2777,2650.0,TICS.7S
7,0,S,resolved,2.2777,1983.0,TICS.7S
7,0,S,resolved,3.2777,1649.0,TICS.7S
7,0,S,resolved,4.2777,1415.0,TICS.7S
7,0,S,resolved,5.2777,1221.0,TICS.7S
7,0,S,resolved,7.2777,978.1,TICS.7S
7,0,S,resolved,9.2777,812.1,TICS.7S
7,0,S,resolved,11.278,695.6,TICS.7S
7,0,S,resolved,13.278,611.7,TICS.7S
7,0,S,resolved,15.278,543.4,TICS.7S
7,0,S,resolved,19.278,452.2,TICS.7S
7,0,S,resolved,23.278,383.5,TICS.7S
7,0,S,resolved,27.278,331.8,TICS.7S
7,0,S,resolved,31.278,291.6,TICS.7S
7,0,S,resolved,35.278,260.0,TICS.7S
7,0,S,resolved,43.278,215.4,TICS.7S
7,0,S,resolved,51.278,184.7,TICS.7S
7,0,S,resolved,59.278,162.1,TICS.7S
7,0,S,resolved,67.278,144.7,TICS.7S
7,0,S,resolved,75.278,130.7,TICS.7S
7,0,S,resolved,91.278,109.8,TICS.7S
7,0,S,resolved,107.28,94.81,TICS.7S
7,0,S,resolved,123.28,83.54,TICS.7S
7,0,S,resolved,139.28,74.73,TICS.7S
7,0,S,resolved,155.28,67.66,TICS.7S
7,0,S,resolved,187.28,57.0,TICS.7S
7,0,S,resolved,219.28,49.32,TICS.7S
7,0,S,resolved,251.28,43.52,TICS.7S
7,0,S,resolved,283.28,38.98,TICS.7S
7,0,S,resolved,315.28,35.32,TICS.7S
7,0,S,resolved,379.28,29.79,TICS.7S
7,0,S,resolved,443.28,25.8,TICS.7S
7,0,S,resolved,507.28,22.78,TICS.7S
7,0,S,resolved,571.28,20.41,TICS.7S
7,0,S,resolved,635.28,18.5,TICS.7S
7,0,S,resolved,699.28,16.93,TICS.7S
7,0,S,resolved,763.28,15.61,TICS.7S
7,0,S,resolved,827.28,14.48,TICS.7S
7,0,S,resolved,891.28,13.52,TICS.7S
7,0,S,resolved,955.28,12.68,TICS.7S
8,-1,bundled,bundled,0.2125906,0.0,TICS.8
8,-1,bundled,bundled,0.30679,3955.02,TICS.8
8,-1,bundled,bundled,0.41259,5833.36,TICS.8
8,-1,bundled,bundled,0.61259,6333.49,TICS.8
8,-1,bundled,bundled,0.81259,5716.06,TICS.8
8,-1,bundled,bundled,1.0126,5027.23,TICS.8
8,-1,bundled,bundled,1.2126,4489.38,TICS.8
8,-1,bundled,bundled,2.2126,2906.66,TICS.8
8,-1,bundled,bundled,3.2126,2140.8,TICS.8
8,-1,bundled,bundled,4.2126,1706.84,TICS.8
8,-1,bundled,bundled,5.2126,1419.41,TICS.8
8,-1,bundled,bundled,7.2126,1084.2,TICS.8
8,-1,bundled,bundled,9.2126,876.332,TICS.8
8,-1,bundled,bundled,11.213,737.503,TICS.8
8,-1,bundled,bundled,13.213,638.38,TICS.8
8,-1,bundled,bundled,15.213,561.478,TICS.8
8,-1,bundled,bundled,19.213,457.021,TICS.8
8,-1,bundled,bundled,23.213,382.897,TICS.8
8,-1,bundled,bundled,27.213,329.04,TICS.8
8,-1,bundled,bundled,31.213,288.037,TICS.8
8,-1,bundled,bundled,35.213,255.805,TICS.8
8,-1,bundled,bundled,43.213,209.356,TICS.8
8,-1,bundled,bundled,51.213,177.396,TICS.8
8,-1,bundled,bundled,59.213,154.271,TICS.8
8,-1,bundled,bundled,67.213,136.71,TICS.8
8,-1,bundled,bundled,75.213,122.786,TICS.8
8,-1,bundled,bundled,91.213,102.022,TICS.8
8,-1,bundled,bundled,107.21,87.4555,TICS.8
8,-1,bundled,bundled,123.21,76.5889,TICS.8
8,-1,bundled,bundled,139.21,68.1643,TICS.8
8,-1,bundled,bundled,155.21,61.4377,TICS.8
8,-1,bundled,bundled,187.21,51.3384,TICS.8
8,-1,bundled,bundled,219.21,44.1586,TICS.8
8,-1,bundled,bundled,251.21,38.7691,TICS.8
8,-1,bundled,bundled,283.21,34.5734,TICS.8
8,-1,bundled,bundled,315.21,31.2119,TICS.8
8,-1,bundled,bundled,379.21,26.1551,TICS.8
8,-1,bundled,bundled,443.21,22.5302,TICS.8
8,-1,bundled,bundled,507.21,19.8014,TICS.8
8,-1,bundled,bundled,571.21,17.6737,TICS.8
8,-1,bundled,bundled,635.21,15.964,TICS.8
8,-1,bundled,bundled,699.21,14.5629,TICS.8
8,-1,bundled,bundled,763.21,13.3911,TICS.8
8,-1,bundled,bundled,827.21,12.3972,TICS.8
8,-1,bundled,bundled,891.21,11.5409,TICS.8
8,-1,bundled,bundled,955.21,10.7999,TICS.8
8,2,D,resolved,0.2125906,0.0,TICS.8D
8,2,D,resolved,0.30679,3325.0,TICS.8D
8,2,D,resolved,0.41259,4599.0,TICS.8D
8,2,D,resolved,0.61259,5016.0,TICS.8D
8,2,D,resolved,0.81259,4707.0,TICS.8D
8,2,D,resolved,1.0126,4289.0,TICS.8D
8,2,D,resolved,1.2126,3961.0,TICS.8D
8,2,D,resolved,2.2126,2923.0,TICS.8D
8,2,D,resolved,3.2126,2324.0,TICS.8D
8,2,D,resolved,4.2126,1951.0,TICS.8D
8,2,D,resolved,5.2126,1677.0,TICS.8D
8,2,D,resolved,7.2126,1333.0,TICS.8D
8,2,D,resolved,9.2126,1105.0,TICS.8D
8,2,D,resolved,11.213,946.7,TICS.8D
8,2,D,resolved,13.213,830.5,TICS.8D
8,2,D,resolved,15.213,738.9,TICS.8D
8,2,D,resolved,19.213,612.3,TICS.8D
8,2,D,resolved,23.213,520.4,TICS.8D
8,2,D,resolved,27.213,452.7,TICS.8D
8,2,D,resolved,31.213,400.2,TICS.8D
8,2,D,resolved,35.213,358.3,TICS.8D
8,2,D,resolved,43.213,296.3,TICS.8D
8,2,D,resolved,51.213,252.8,TICS.8D
8,2,D,resolved,59.213,221.1,TICS.8D
8,2,D,resolved,67.213,197.1,TICS.8D
8,2,D,resolved,75.213,177.9,TICS.8D
8,2,D,resolved,91.213,149.3,TICS.8D
8,2,D,resolved,107.21,128.8,TICS.8D
8,2,D,resolved,123.21,113.4,TICS.8D
8,2,D,resolved,139.21,101.4,TICS.8D
8,2,D,resolved,155.21,91.8,TICS.8D
8,2,D,resolved,187.21,77.27,TICS.8D
8,2,D,resolved,219.21,66.83,TICS.8D
8,2,D,resolved,251.21,58.95,TICS.8D
8,2,D,resolved,283.21,52.79,TICS.8D
8,2,D,resolved,315.21,47.82,TICS.8D
8,2,D,resolved,379.21,40.32,TICS.8D
8,2,D,resolved,443.21,34.9,TICS.8D
8,2,D,resolved,507.21,30.81,TICS.8D
8,2,D,resolved,571.21,27.6,TICS.8D
8,2,D,resolved,635.21,25.01,TICS.8D
8,2,D,resolved,699.21,22.88,TICS.8D
8,2,D,resolved,763.21,21.09,TICS.8D
8,2,D,resolved,827.21,19.57,TICS.8D
8,2,D,resolved,891.21,18.26,TICS.8D
8,2,D,resolved,955.21,17.12,TICS.8D
8,3,F,resolved,0.2125906,0.0,TICS.8F
8,3,F,resolved,0.30679,3634.0,TICS.8F
8,3,F,resolved,0.41259,4926.0,TICS.8F
8,3,F,resolved,0.61259,5322.0,TICS.8F
8,3,F,resolved,0.81259,4951.0,TICS.8F
8,3,F,resolved,1.0126,4502.0,TICS.8F
8,3,F,resolved,1.2126,4148.0,TICS.8F
8,3,F,resolved,2.2126,3020.0,TICS.8F
8,3,F,resolved,3.2126,2386.0,TICS.8F
8,3,F,resolved,4.2126,2002.0,TICS.8F
8,3,F,resolved,5.2126,1726.0,TICS.8F
8,3,F,resolved,7.2126,1377.0,TICS.8F
8,3,F,resolved,9.2126,1143.0,TICS.8F
8,3,F,resolved,11.213,980.1,TICS.8F
8,3,F,resolved,13.213,860.0,TICS.8F
8,3,F,resolved,15.213,765.4,TICS.8F
8,3,F,resolved,19.213,633.8,TICS.8F
8,3,F,resolved,23.213,538.1,TICS.8F
8,3,F,resolved,27.213,467.5,TICS.8F
8,3,F,resolved,31.213,412.9,TICS.8F
8,3,F,resolved,35.213,369.3,TICS.8F
8,3,F,resolved,43.213,305.2,TICS.8F
8,3,F,resolved,51.213,260.4,TICS.8F
8,3,F,resolved,59.213,227.8,TICS.8F
8,3,F,resolved,67.213,202.9,TICS.8F
8,3,F,resolved,75.213,183.1,TICS.8F
8,3,F,resolved,91.213,153.4,TICS.8F
8,3,F,resolved,107.21,132.3,TICS.8F
8,3,F,resolved,123.21,116.4,TICS.8F
8,3,F,resolved,139.21,104.0,TICS.8F
8,3,F,resolved,155.21,94.05,TICS.8F
8,3,F,resolved,187.21,79.08,TICS.8F
8,3,F,resolved,219.21,68.34,TICS.8F
8,3,F,resolved,251.21,60.24,TICS.8F
8,3,F,resolved,283.21,53.91,TICS.8F
8,3,F,resolved,315.21,48.81,TICS.8F
8,3,F,resolved,379.21,41.12,TICS.8F
8,3,F,resolved,443.21,35.57,TICS.8F
8,3,F,resolved,507.21,31.38,TICS.8F
8,3,F,resolved,571.21,28.09,TICS.8F
8,3,F,resolved,635.21,25.45,TICS.8F
8,3,F,resolved,699.21,23.27,TICS.8F
8,3,F,resolved,763.21,21.45,TICS.8F
8,3,F,resolved,827.21,19.9,TICS.8F
8,3,F,resolved,891.21,18.56,TICS.8F
8,3,F,resolved,955.21,17.4,TICS.8F
8,4,G,resolved,0.2125906,0.0,TICS.8G
8,4,G,resolved,0.30679,3712.0,TICS.8G
8,4,G,resolved,0.41259,5307.0,TICS.8G
8,4,G,resolved,0.61259,5693.0,TICS.8G
8,4,G,resolved,0.81259,5267.0,TICS.8G
8,4,G,resolved,1.0126,4746.0,TICS.8G
8,4,G,resolved,1.2126,4305.0,TICS.8G
8,4,G,resolved,2.2126,2889.0,TICS.8G
8,4,G,resolved,3.2126,2168.0,TICS.8G
8,4,G,resolved,4.2126,1759.0,TICS.8G
8,4,G,resolved,5.2126,1485.0,TICS.8G
8,4,G,resolved,7.2126,1160.0,TICS.8G
8,4,G,resolved,9.2126,949.0,TICS.8G
8,4,G,resolved,11.213,805.0,TICS.8G
8,4,G,resolved,13.213,700.0,TICS.8G
8,4,G,resolved,15.213,618.7,TICS.8G
8,4,G,resolved,19.213,507.8,TICS.8G
8,4,G,resolved,23.213,427.8,TICS.8G
8,4,G,resolved,27.213,369.2,TICS.8G
8,4,G,resolved,31.213,324.0,TICS.8G
8,4,G,resolved,35.213,288.0,TICS.8G
8,4,G,resolved,43.213,235.9,TICS.8G
8,4,G,resolved,51.213,199.9,TICS.8G
8,4,G,resolved,59.213,173.8,TICS.8G
8,4,G,resolved,67.213,154.1,TICS.8G
8,4,G,resolved,75.213,138.4,TICS.8G
8,4,G,resolved,91.213,115.2,TICS.8G
8,4,G,resolved,107.21,98.69,TICS.8G
8,4,G,resolved,123.21,86.42,TICS.8G
8,4,G,resolved,139.21,76.9,TICS.8G
8,4,G,resolved,155.21,69.3,TICS.8G
8,4,G,resolved,187.21,57.91,TICS.8G
8,4,G,resolved,219.21,49.79,TICS.8G
8,4,G,resolved,251.21,43.7,TICS.8G
8,4,G,resolved,283.21,38.96,TICS.8G
8,4,G,resolved,315.21,35.16,TICS.8G
8,4,G,resolved,379.21,29.45,TICS.8G
8,4,G,resolved,443.21,25.36,TICS.8G
8,4,G,resolved,507.21,22.28,TICS.8G
8,4,G,resolved,571.21,19.88,TICS.8G
8,4,G,resolved,635.21,17.95,TICS.8G
8,4,G,resolved,699.21,16.37,TICS.8G
8,4,G,resolved,763.21,15.05,TICS.8G
8,4,G,resolved,827.21,13.93,TICS.8G
8,4,G,resolved,891.21,12.97,TICS.8G
8,4,G,resolved,955.21,12.13,TICS.8G
8,5,H,resolved,0.2125906,0.0,TICS.8H
8,5,H,resolved,0.30679,3893.0,TICS.8H
8,5,H,resolved,0.41259,5799.0,TICS.8H
8,5,H,resolved,0.61259,6271.0,TICS.8H
8,5,H,resolved,0.81259,5696.0,TICS.8H
8,5,H,resolved,1.0126,5070.0,TICS.8H
8,5,H,resolved,1.2126,4557.0,TICS.8H
8,5,H,resolved,2.2126,3032.0,TICS.8H
8,5,H,resolved,3.2126,2255.0,TICS.8H
8,5,H,resolved,4.2126,1816.0,TICS.8H
8,5,H,resolved,5.2126,1522.0,TICS.8H
8,5,H,resolved,7.2126,1172.0,TICS.8H
8,5,H,resolved,9.2126,950.3,TICS.8H
8,5,H,resolved,11.213,799.8,TICS.8H
8,5,H,resolved,13.213,691.1,TICS.8H
8,5,H,resolved,15.213,607.1,TICS.8H
8,5,H,resolved,19.213,492.8,TICS.8H
8,5,H,resolved,23.213,411.5,TICS.8H
8,5,H,resolved,27.213,352.4,TICS.8H
8,5,H,resolved,31.213,307.5,TICS.8H
8,5,H,resolved,35.213,272.2,TICS.8H
8,5,H,resolved,43.213,221.6,TICS.8H
8,5,H,resolved,51.213,187.2,TICS.8H
8,5,H,resolved,59.213,162.3,TICS.8H
8,5,H,resolved,67.213,143.4,TICS.8H
8,5,H,resolved,75.213,128.5,TICS.8H
8,5,H,resolved,91.213,106.2,TICS.8H
8,5,H,resolved,107.21,90.78,TICS.8H
8,5,H,resolved,123.21,79.31,TICS.8H
8,5,H,resolved,139.21,70.44,TICS.8H
8,5,H,resolved,155.21,63.38,TICS.8H
8,5,H,resolved,187.21,52.77,TICS.8H
8,5,H,resolved,219.21,45.28,TICS.8H
8,5,H,resolved,251.21,39.67,TICS.8H
8,5,H,resolved,283.21,35.31,TICS.8H
8,5,H,resolved,315.21,31.83,TICS.8H
8,5,H,resolved,379.21,26.6,TICS.8H
8,5,H,resolved,443.21,22.86,TICS.8H
8,5,H,resolved,507.21,20.05,TICS.8H
8,5,H,resolved,571.21,17.87,TICS.8H
8,5,H,resolved,635.21,16.11,TICS.8H
8,5,H,resolved,699.21,14.68,TICS.8H
8,5,H,resolved,763.21,13.48,TICS.8H
8,5,H,resolved,827.21,12.47,TICS.8H
8,5,H,resolved,891.21,11.59,TICS.8H
8,5,H,resolved,955.21,10.84,TICS.8H
8,6,I,resolved,0.2125906,0.0,TICS.8I
8,6,I,resolved,0.30679,4177.0,TICS.8I
8,6,I,resolved,0.41259,6297.0,TICS.8I
8,6,I,resolved,0.61259,7135.0,TICS.8I
8,6,I,resolved,0.81259,6449.0,TICS.8I
8,6,I,resolved,1.0126,5641.0,TICS.8I
8,6,I,resolved,1.2126,4987.0,TICS.8I
8,6,I,resolved,2.2126,3195.0,TICS.8I
8,6,I,resolved,3.2126,2350.0,TICS.8I
8,6,I,resolved,4.2126,1856.0,TICS.8I
8,6,I,resolved,5.2126,1530.0,TICS.8I
8,6,I,resolved,7.2126,1152.0,TICS.8I
8,6,I,resolved,9.2126,920.3,TICS.8I
8,6,I,resolved,11.213,766.2,TICS.8I
8,6,I,resolved,13.213,656.7,TICS.8I
8,6,I,resolved,15.213,572.9,TICS.8I
8,6,I,resolved,19.213,459.1,TICS.8I
8,6,I,resolved,23.213,380.1,TICS.8I
8,6,I,resolved,27.213,323.5,TICS.8I
8,6,I,resolved,31.213,280.9,TICS.8I
8,6,I,resolved,35.213,247.9,TICS.8I
8,6,I,resolved,43.213,201.3,TICS.8I
8,6,I,resolved,51.213,169.6,TICS.8I
8,6,I,resolved,59.213,146.8,TICS.8I
8,6,I,resolved,67.213,129.5,TICS.8I
8,6,I,resolved,75.213,115.8,TICS.8I
8,6,I,resolved,91.213,95.43,TICS.8I
8,6,I,resolved,107.21,81.37,TICS.8I
8,6,I,resolved,123.21,70.93,TICS.8I
8,6,I,resolved,139.21,62.89,TICS.8I
8,6,I,resolved,155.21,56.49,TICS.8I
8,6,I,resolved,187.21,46.91,TICS.8I
8,6,I,resolved,219.21,40.16,TICS.8I
8,6,I,resolved,251.21,35.12,TICS.8I
8,6,I,resolved,283.21,31.21,TICS.8I
8,6,I,resolved,315.21,28.09,TICS.8I
8,6,I,resolved,379.21,23.41,TICS.8I
8,6,I,resolved,443.21,20.08,TICS.8I
8,6,I,resolved,507.21,17.58,TICS.8I
8,6,I,resolved,571.21,15.64,TICS.8I
8,6,I,resolved,635.21,14.09,TICS.8I
8,6,I,resolved,699.21,12.82,TICS.8I
8,6,I,resolved,763.21,11.76,TICS.8I
8,6,I,resolved,827.21,10.86,TICS.8I
8,6,I,resolved,891.21,10.09,TICS.8I
8,6,I,resolved,955.21,9.425,TICS.8I
8,7,J,resolved,0.2125906,0.0,TICS.8J
8,7,J,resolved,0.30679,4530.0,TICS.8J
8,7,J,resolved,0.41259,7003.0,TICS.8J
8,7,J,resolved,0.61259,7394.0,TICS.8J
8,7,J,resolved,0.81259,6374.0,TICS.8J
8,7,J,resolved,1.0126,5357.0,TICS.8J
8,7,J,resolved,1.2126,4624.0,TICS.8J
8,7,J,resolved,2.2126,2533.0,TICS.8J
8,7,J,resolved,3.2126,1652.0,TICS.8J
8,7,J,resolved,4.2126,1196.0,TICS.8J
8,7,J,resolved,5.2126,925.7,TICS.8J
8,7,J,resolved,7.2126,643.5,TICS.8J
8,7,J,resolved,9.2126,491.4,TICS.8J
8,7,J,resolved,11.213,399.5,TICS.8J
8,7,J,resolved,13.213,339.0,TICS.8J
8,7,J,resolved,15.213,292.1,TICS.8J
8,7,J,resolved,19.213,231.2,TICS.8J
8,7,J,resolved,23.213,189.7,TICS.8J
8,7,J,resolved,27.213,160.2,TICS.8J
8,7,J,resolved,31.213,138.5,TICS.8J
8,7,J,resolved,35.213,122.0,TICS.8J
8,7,J,resolved,43.213,98.86,TICS.8J
8,7,J,resolved,51.213,83.25,TICS.8J
8,7,J,resolved,59.213,72.03,TICS.8J
8,7,J,resolved,67.213,63.46,TICS.8J
8,7,J,resolved,75.213,56.72,TICS.8J
8,7,J,resolved,91.213,46.65,TICS.8J
8,7,J,resolved,107.21,39.73,TICS.8J
8,7,J,resolved,123.21,34.6,TICS.8J
8,7,J,resolved,139.21,30.65,TICS.8J
8,7,J,resolved,155.21,27.5,TICS.8J
8,7,J,resolved,187.21,22.81,TICS.8J
8,7,J,resolved,219.21,19.51,TICS.8J
8,7,J,resolved,251.21,17.04,TICS.8J
8,7,J,resolved,283.21,15.13,TICS.8J
8,7,J,resolved,315.21,13.61,TICS.8J
8,7,J,resolved,379.21,11.33,TICS.8J
8,7,J,resolved,443.21,9.707,TICS.8J
8,7,J,resolved,507.21,8.492,TICS.8J
8,7,J,resolved,571.21,7.548,TICS.8J
8,7,J,resolved,635.21,6.794,TICS.8J
8,7,J,resolved,699.21,6.177,TICS.8J
8,7,J,resolved,763.21,5.663,TICS.8J
8,7,J,resolved,827.21,5.229,TICS.8J
8,7,J,resolved,891.21,4.856,TICS.8J
8,7,J,resolved,955.21,4.534,TICS.8J
8,1,P,resolved,0.2125906,0.0,TICS.8P
8,1,P,resolved,0.30679,3212.0,TICS.8P
8,1,P,resolved,0.41259,4426.0,TICS.8P
8,1,P,resolved,0.61259,4823.0,TICS.8P
8,1,P,resolved,0.81259,4555.0,TICS.8P
8,1,P,resolved,1.0126,4171.0,TICS.8P
8,1,P,resolved,1.2126,3872.0,TICS.8P
8,1,P,resolved,2.2126,2858.0,TICS.8P
8,1,P,resolved,3.2126,2268.0,TICS.8P
8,1,P,resolved,4.2126,1906.0,TICS.8P
8,1,P,resolved,5.2126,1631.0,TICS.8P
8,1,P,resolved,7.2126,1288.0,TICS.8P
8,1,P,resolved,9.2126,1064.0,TICS.8P
8,1,P,resolved,11.213,908.4,TICS.8P
8,1,P,resolved,13.213,795.3,TICS.8P
8,1,P,resolved,15.213,706.6,TICS.8P
8,1,P,resolved,19.213,585.2,TICS.8P
8,1,P,resolved,23.213,497.0,TICS.8P
8,1,P,resolved,27.213,432.0,TICS.8P
8,1,P,resolved,31.213,381.8,TICS.8P
8,1,P,resolved,35.213,341.7,TICS.8P
8,1,P,resolved,43.213,282.4,TICS.8P
8,1,P,resolved,51.213,240.7,TICS.8P
8,1,P,resolved,59.213,210.5,TICS.8P
8,1,P,resolved,67.213,187.6,TICS.8P
8,1,P,resolved,75.213,169.4,TICS.8P
8,1,P,resolved,91.213,142.2,TICS.8P
8,1,P,resolved,107.21,122.7,TICS.8P
8,1,P,resolved,123.21,108.1,TICS.8P
8,1,P,resolved,139.21,96.66,TICS.8P
8,1,P,resolved,155.21,87.5,TICS.8P
8,1,P,resolved,187.21,73.68,TICS.8P
8,1,P,resolved,219.21,63.74,TICS.8P
8,1,P,resolved,251.21,56.24,TICS.8P
8,1,P,resolved,283.21,50.36,TICS.8P
8,1,P,resolved,315.21,45.63,TICS.8P
8,1,P,resolved,379.21,38.48,TICS.8P
8,1,P,resolved,443.21,33.32,TICS.8P
8,1,P,resolved,507.21,29.41,TICS.8P
8,1,P,resolved,571.21,26.35,TICS.8P
8,1,P,resolved,635.21,23.88,TICS.8P
8,1,P,resolved,699.21,21.85,TICS.8P
8,1,P,resolved,763.21,20.15,TICS.8P
8,1,P,resolved,827.21,18.7,TICS.8P
8,1,P,resolved,891.21,17.45,TICS.8P
8,1,P,resolved,955.21,16.36,TICS.8P
8,0,S,resolved,0.2125906,0.0,TICS.8S
8,0,S,resolved,0.30679,2940.0,TICS.8S
8,0,S,resolved,0.41259,4122.0,TICS.8S
8,0,S,resolved,0.61259,4657.0,TICS.8S
8,0,S,resolved,0.81259,4465.0,TICS.8S
8,0,S,resolved,1.0126,4098.0,TICS.8S
8,0,S,resolved,1.2126,3801.0,TICS.8S
8,0,S,resolved,2.2126,2814.0,TICS.8S
8,0,S,resolved,3.2126,2238.0,TICS.8S
8,0,S,resolved,4.2126,1876.0,TICS.8S
8,0,S,resolved,5.2126,1600.0,TICS.8S
8,0,S,resolved,7.2126,1260.0,TICS.8S
8,0,S,resolved,9.2126,1038.0,TICS.8S
8,0,S,resolved,11.213,884.9,TICS.8S
8,0,S,resolved,13.213,773.7,TICS.8S
8,0,S,resolved,15.213,686.9,TICS.8S
8,0,S,resolved,19.213,568.3,TICS.8S
8,0,S,resolved,23.213,482.2,TICS.8S
8,0,S,resolved,27.213,418.8,TICS.8S
8,0,S,resolved,31.213,369.9,TICS.8S
8,0,S,resolved,35.213,330.9,TICS.8S
8,0,S,resolved,43.213,273.2,TICS.8S
8,0,S,resolved,51.213,232.6,TICS.8S
8,0,S,resolved,59.213,203.4,TICS.8S
8,0,S,resolved,67.213,181.2,TICS.8S
8,0,S,resolved,75.213,163.6,TICS.8S
8,0,S,resolved,91.213,137.2,TICS.8S
8,0,S,resolved,107.21,118.4,TICS.8S
8,0,S,resolved,123.21,104.3,TICS.8S
8,0,S,resolved,139.21,93.27,TICS.8S
8,0,S,resolved,155.21,84.42,TICS.8S
8,0,S,resolved,187.21,71.07,TICS.8S
8,0,S,resolved,219.21,61.48,TICS.8S
8,0,S,resolved,251.21,54.24,TICS.8S
8,0,S,resolved,283.21,48.57,TICS.8S
8,0,S,resolved,315.21,44.01,TICS.8S
8,0,S,resolved,379.21,37.11,TICS.8S
8,0,S,resolved,443.21,32.13,TICS.8S
8,0,S,resolved,507.21,28.36,TICS.8S
8,0,S,resolved,571.21,25.4,TICS.8S
8,0,S,resolved,635.21,23.02,TICS.8S
8,0,S,resolved,699.21,21.06,TICS.8S
8,0,S,resolved,763.21,19.42,TICS.8S
8,0,S,resolved,827.21,18.02,TICS.8S
8,0,S,resolved,891.21,16.82,TICS.8S
8,0,S,resolved,955.21,15.77,TICS.8S
9,-1,bundled,bundled,0.1679728,0.0,TICS.9
9,-1,bundled,bundled,0.26217,6399.68,TICS.9
9,-1,bundled,bundled,0.36797,8085.06,TICS.9
9,-1,bundled,bundled,0.56797,8002.81,TICS.9
9,-1,bundled,bundled,0.76797,7065.34,TICS.9
9,-1,bundled,bundled,0.96797,6253.79,TICS.9
9,-1,bundled,bundled,1.168,5526.76,TICS.9
9,-1,bundled,bundled,2.168,3348.62,TICS.9
9,-1,bundled,bundled,3.168,2373.87,TICS.9
9,-1,bundled,bundled,4.168,1880.84,TICS.9
9,-1,bundled,bundled,5.168,1556.26,TICS.9
9,-1,bundled,bundled,7.168,1169.64,TICS.9
9,-1,bundled,bundled,9.168,941.207,TICS.9
9,-1,bundled,bundled,11.168,789.265,TICS.9
9,-1,bundled,bundled,13.168,680.883,TICS.9
9,-1,bundled,bundled,15.168,598.336,TICS.9
9,-1,bundled,bundled,19.168,485.466,TICS.9
9,-1,bundled,bundled,23.168,407.112,TICS.9
9,-1,bundled,bundled,27.168,350.57,TICS.9
9,-1,bundled,bundled,31.168,307.668,TICS.9
9,-1,bundled,bundled,35.168,273.939,TICS.9
9,-1,bundled,bundled,43.168,224.713,TICS.9
9,-1,bundled,bundled,51.168,190.316,TICS.9
9,-1,bundled,bundled,59.168,165.111,TICS.9
9,-1,bundled,bundled,67.168,146.069,TICS.9
9,-1,bundled,bundled,75.168,131.14,TICS.9
9,-1,bundled,bundled,91.168,108.968,TICS.9
9,-1,bundled,bundled,107.17,93.4263,TICS.9
9,-1,bundled,bundled,123.17,81.8351,TICS.9
9,-1,bundled,bundled,139.17,72.8419,TICS.9
9,-1,bundled,bundled,155.17,65.6644,TICS.9
9,-1,bundled,bundled,187.17,54.8903,TICS.9
9,-1,bundled,bundled,219.17,47.2238,TICS.9
9,-1,bundled,bundled,251.17,41.4713,TICS.9
9,-1,bundled,bundled,283.17,36.9879,TICS.9
9,-1,bundled,bundled,315.17,33.3989,TICS.9
9,-1,bundled,bundled,379.17,27.9972,TICS.9
9,-1,bundled,bundled,443.17,24.124,TICS.9
9,-1,bundled,bundled,507.17,21.2063,TICS.9
9,-1,bundled,bundled,571.17,18.9309,TICS.9
9,-1,bundled,bundled,635.17,17.1024,TICS.9
9,-1,bundled,bundled,699.17,15.6044,TICS.9
9,-1,bundled,bundled,763.17,14.349,TICS.9
9,-1,bundled,bundled,827.17,13.2866,TICS.9
9,-1,bundled,bundled,891.17,12.3718,TICS.9
9,-1,bundled,bundled,955.17,11.5782,TICS.9
9,2,D,resolved,0.1679728,0.0,TICS.9D
9,2,D,resolved,0.26217,5726.0,TICS.9D
9,2,D,resolved,0.36797,6772.0,TICS.9D
9,2,D,resolved,0.56797,6774.0,TICS.9D
9,2,D,resolved,0.76797,6314.0,TICS.9D
9,2,D,resolved,0.96797,5852.0,TICS.9D
9,2,D,resolved,1.168,5424.0,TICS.9D
9,2,D,resolved,2.168,3910.0,TICS.9D
9,2,D,resolved,3.168,3045.0,TICS.9D
9,2,D,resolved,4.168,2542.0,TICS.9D
9,2,D,resolved,5.168,2158.0,TICS.9D
9,2,D,resolved,7.168,1683.0,TICS.9D
9,2,D,resolved,9.168,1385.0,TICS.9D
9,2,D,resolved,11.168,1180.0,TICS.9D
9,2,D,resolved,13.168,1030.0,TICS.9D
9,2,D,resolved,15.168,914.7,TICS.9D
9,2,D,resolved,19.168,753.4,TICS.9D
9,2,D,resolved,23.168,640.0,TICS.9D
9,2,D,resolved,27.168,557.1,TICS.9D
9,2,D,resolved,31.168,493.4,TICS.9D
9,2,D,resolved,35.168,442.7,TICS.9D
9,2,D,resolved,43.168,367.6,TICS.9D
9,2,D,resolved,51.168,314.0,TICS.9D
9,2,D,resolved,59.168,273.9,TICS.9D
9,2,D,resolved,67.168,243.5,TICS.9D
9,2,D,resolved,75.168,219.6,TICS.9D
9,2,D,resolved,91.168,184.1,TICS.9D
9,2,D,resolved,107.17,158.9,TICS.9D
9,2,D,resolved,123.17,139.9,TICS.9D
9,2,D,resolved,139.17,125.1,TICS.9D
9,2,D,resolved,155.17,113.2,TICS.9D
9,2,D,resolved,187.17,95.33,TICS.9D
9,2,D,resolved,219.17,82.46,TICS.9D
9,2,D,resolved,251.17,72.75,TICS.9D
9,2,D,resolved,283.17,65.14,TICS.9D
9,2,D,resolved,315.17,59.02,TICS.9D
9,2,D,resolved,379.17,49.77,TICS.9D
9,2,D,resolved,443.17,43.09,TICS.9D
9,2,D,resolved,507.17,38.04,TICS.9D
9,2,D,resolved,571.17,34.08,TICS.9D
9,2,D,resolved,635.17,30.89,TICS.9D
9,2,D,resolved,699.17,28.26,TICS.9D
9,2,D,resolved,763.17,26.05,TICS.9D
9,2,D,resolved,827.17,24.18,TICS.9D
9,2,D,resolved,891.17,22.56,TICS.9D
9,2,D,resolved,955.17,21.16,TICS.9D
9,3,F,resolved,0.1679728,0.0,TICS.9F
9,3,F,resolved,0.26217,6035.0,TICS.9F
9,3,F,resolved,0.36797,7039.0,TICS.9F
9,3,F,resolved,0.56797,7036.0,TICS.9F
9,3,F,resolved,0.76797,6547.0,TICS.9F
9,3,F,resolved,0.96797,6064.0,TICS.9F
9,3,F,resolved,1.168,5586.0,TICS.9F
9,3,F,resolved,2.168,3992.0,TICS.9F
9,3,F,resolved,3.168,3113.0,TICS.9F
9,3,F,resolved,4.168,2615.0,TICS.9F
9,3,F,resolved,5.168,2232.0,TICS.9F
9,3,F,resolved,7.168,1748.0,TICS.9F
9,3,F,resolved,9.168,1443.0,TICS.9F
9,3,F,resolved,11.168,1231.0,TICS.9F
9,3,F,resolved,13.168,1076.0,TICS.9F
9,3,F,resolved,15.168,955.8,TICS.9F
9,3,F,resolved,19.168,787.7,TICS.9F
9,3,F,resolved,23.168,669.0,TICS.9F
9,3,F,resolved,27.168,582.0,TICS.9F
9,3,F,resolved,31.168,515.1,TICS.9F
9,3,F,resolved,35.168,462.0,TICS.9F
9,3,F,resolved,43.168,383.3,TICS.9F
9,3,F,resolved,51.168,327.3,TICS.9F
9,3,F,resolved,59.168,285.7,TICS.9F
9,3,F,resolved,67.168,254.0,TICS.9F
9,3,F,resolved,75.168,229.1,TICS.9F
9,3,F,resolved,91.168,192.0,TICS.9F
9,3,F,resolved,107.17,165.6,TICS.9F
9,3,F,resolved,123.17,145.8,TICS.9F
9,3,F,resolved,139.17,130.3,TICS.9F
9,3,F,resolved,155.17,117.9,TICS.9F
9,3,F,resolved,187.17,99.2,TICS.9F
9,3,F,resolved,219.17,85.78,TICS.9F
9,3,F,resolved,251.17,75.66,TICS.9F
9,3,F,resolved,283.17,67.73,TICS.9F
9,3,F,resolved,315.17,61.36,TICS.9F
9,3,F,resolved,379.17,51.72,TICS.9F
9,3,F,resolved,443.17,44.77,TICS.9F
9,3,F,resolved,507.17,39.51,TICS.9F
9,3,F,resolved,571.17,35.39,TICS.9F
9,3,F,resolved,635.17,32.07,TICS.9F
9,3,F,resolved,699.17,29.34,TICS.9F
9,3,F,resolved,763.17,27.05,TICS.9F
9,3,F,resolved,827.17,25.1,TICS.9F
9,3,F,resolved,891.17,23.42,TICS.9F
9,3,F,resolved,955.17,21.96,TICS.9F
9,4,G,resolved,0.1679728,0.0,TICS.9G
9,4,G,resolved,0.26217,6211.0,TICS.9G
9,4,G,resolved,0.36797,7334.0,TICS.9G
9,4,G,resolved,0.56797,7361.0,TICS.9G
9,4,G,resolved,0.76797,6796.0,TICS.9G
9,4,G,resolved,0.96797,6174.0,TICS.9G
9,4,G,resolved,1.168,5534.0,TICS.9G
9,4,G,resolved,2.168,3539.0,TICS.9G
9,4,G,resolved,3.168,2634.0,TICS.9G
9,4,G,resolved,4.168,2164.0,TICS.9G
9,4,G,resolved,5.168,1823.0,TICS.9G
9,4,G,resolved,7.168,1401.0,TICS.9G
9,4,G,resolved,9.168,1143.0,TICS.9G
9,4,G,resolved,11.168,967.3,TICS.9G
9,4,G,resolved,13.168,838.8,TICS.9G
9,4,G,resolved,15.168,740.7,TICS.9G
9,4,G,resolved,19.168,605.3,TICS.9G
9,4,G,resolved,23.168,510.2,TICS.9G
9,4,G,resolved,27.168,440.9,TICS.9G
9,4,G,resolved,31.168,388.0,TICS.9G
9,4,G,resolved,35.168,346.1,TICS.9G
9,4,G,resolved,43.168,284.5,TICS.9G
9,4,G,resolved,51.168,241.1,TICS.9G
9,4,G,resolved,59.168,209.1,TICS.9G
9,4,G,resolved,67.168,184.9,TICS.9G
9,4,G,resolved,75.168,166.0,TICS.9G
9,4,G,resolved,91.168,138.1,TICS.9G
9,4,G,resolved,107.17,118.4,TICS.9G
9,4,G,resolved,123.17,103.7,TICS.9G
9,4,G,resolved,139.17,92.29,TICS.9G
9,4,G,resolved,155.17,83.19,TICS.9G
9,4,G,resolved,187.17,69.54,TICS.9G
9,4,G,resolved,219.17,59.81,TICS.9G
9,4,G,resolved,251.17,52.51,TICS.9G
9,4,G,resolved,283.17,46.83,TICS.9G
9,4,G,resolved,315.17,42.27,TICS.9G
9,4,G,resolved,379.17,35.43,TICS.9G
9,4,G,resolved,443.17,30.52,TICS.9G
9,4,G,resolved,507.17,26.82,TICS.9G
9,4,G,resolved,571.17,23.94,TICS.9G
9,4,G,resolved,635.17,21.62,TICS.9G
9,4,G,resolved,699.17,19.72,TICS.9G
9,4,G,resolved,763.17,18.14,TICS.9G
9,4,G,resolved,827.17,16.79,TICS.9G
9,4,G,resolved,891.17,15.63,TICS.9G
9,4,G,resolved,955.17,14.63,TICS.9G
9,5,H,resolved,0.1679728,0.0,TICS.9H
9,5,H,resolved,0.26217,6455.0,TICS.9H
9,5,H,resolved,0.36797,7915.0,TICS.9H
9,5,H,resolved,0.56797,7861.0,TICS.9H
9,5,H,resolved,0.76797,7160.0,TICS.9H
9,5,H,resolved,0.96797,6440.0,TICS.9H
9,5,H,resolved,1.168,5760.0,TICS.9H
9,5,H,resolved,2.168,3636.0,TICS.9H
9,5,H,resolved,3.168,2696.0,TICS.9H
9,5,H,resolved,4.168,2199.0,TICS.9H
9,5,H,resolved,5.168,1850.0,TICS.9H
9,5,H,resolved,7.168,1403.0,TICS.9H
9,5,H,resolved,9.168,1134.0,TICS.9H
9,5,H,resolved,11.168,952.5,TICS.9H
9,5,H,resolved,13.168,821.3,TICS.9H
9,5,H,resolved,15.168,721.5,TICS.9H
9,5,H,resolved,19.168,584.4,TICS.9H
9,5,H,resolved,23.168,489.0,TICS.9H
9,5,H,resolved,27.168,420.2,TICS.9H
9,5,H,resolved,31.168,368.1,TICS.9H
9,5,H,resolved,35.168,327.2,TICS.9H
9,5,H,resolved,43.168,267.6,TICS.9H
9,5,H,resolved,51.168,225.9,TICS.9H
9,5,H,resolved,59.168,195.5,TICS.9H
9,5,H,resolved,67.168,172.6,TICS.9H
9,5,H,resolved,75.168,154.7,TICS.9H
9,5,H,resolved,91.168,128.1,TICS.9H
9,5,H,resolved,107.17,109.6,TICS.9H
9,5,H,resolved,123.17,95.84,TICS.9H
9,5,H,resolved,139.17,85.19,TICS.9H
9,5,H,resolved,155.17,76.7,TICS.9H
9,5,H,resolved,187.17,63.95,TICS.9H
9,5,H,resolved,219.17,54.93,TICS.9H
9,5,H,resolved,251.17,48.17,TICS.9H
9,5,H,resolved,283.17,42.91,TICS.9H
9,5,H,resolved,315.17,38.7,TICS.9H
9,5,H,resolved,379.17,32.38,TICS.9H
9,5,H,resolved,443.17,27.86,TICS.9H
9,5,H,resolved,507.17,24.46,TICS.9H
9,5,H,resolved,571.17,21.81,TICS.9H
9,5,H,resolved,635.17,19.68,TICS.9H
9,5,H,resolved,699.17,17.94,TICS.9H
9,5,H,resolved,763.17,16.48,TICS.9H
9,5,H,resolved,827.17,15.25,TICS.9H
9,5,H,resolved,891.17,14.19,TICS.9H
9,5,H,resolved,955.17,13.27,TICS.9H
9,6,I,resolved,0.1679728,0.0,TICS.9I
9,6,I,resolved,0.26217,6534.0,TICS.9I
9,6,I,resolved,0.36797,8254.0,TICS.9I
9,6,I,resolved,0.56797,8364.0,TICS.9I
9,6,I,resolved,0.76797,7512.0,TICS.9I
9,6,I,resolved,0.96797,6737.0,TICS.9I
9,6,I,resolved,1.168,5985.0,TICS.9I
9,6,I,resolved,2.168,3706.0,TICS.9I
9,6,I,resolved,3.168,2707.0,TICS.9I
9,6,I,resolved,4.168,2176.0,TICS.9I
9,6,I,resolved,5.168,1817.0,TICS.9I
9,6,I,resolved,7.168,1360.0,TICS.9I
9,6,I,resolved,9.168,1090.0,TICS.9I
9,6,I,resolved,11.168,907.9,TICS.9I
9,6,I,resolved,13.168,778.8,TICS.9I
9,6,I,resolved,15.168,680.8,TICS.9I
9,6,I,resolved,19.168,547.3,TICS.9I
9,6,I,resolved,23.168,455.5,TICS.9I
9,6,I,resolved,27.168,389.9,TICS.9I
9,6,I,resolved,31.168,340.5,TICS.9I
9,6,I,resolved,35.168,302.0,TICS.9I
9,6,I,resolved,43.168,245.9,TICS.9I
9,6,I,resolved,51.168,207.2,TICS.9I
9,6,I,resolved,59.168,179.1,TICS.9I
9,6,I,resolved,67.168,158.0,TICS.9I
9,6,I,resolved,75.168,141.4,TICS.9I
9,6,I,resolved,91.168,116.8,TICS.9I
9,6,I,resolved,107.17,99.73,TICS.9I
9,6,I,resolved,123.17,87.06,TICS.9I
9,6,I,resolved,139.17,77.28,TICS.9I
9,6,I,resolved,155.17,69.49,TICS.9I
9,6,I,resolved,187.17,57.81,TICS.9I
9,6,I,resolved,219.17,49.56,TICS.9I
9,6,I,resolved,251.17,43.39,TICS.9I
9,6,I,resolved,283.17,38.6,TICS.9I
9,6,I,resolved,315.17,34.78,TICS.9I
9,6,I,resolved,379.17,29.04,TICS.9I
9,6,I,resolved,443.17,24.94,TICS.9I
9,6,I,resolved,507.17,21.86,TICS.9I
9,6,I,resolved,571.17,19.47,TICS.9I
9,6,I,resolved,635.17,17.55,TICS.9I
9,6,I,resolved,699.17,15.98,TICS.9I
9,6,I,resolved,763.17,14.67,TICS.9I
9,6,I,resolved,827.17,13.56,TICS.9I
9,6,I,resolved,891.17,12.61,TICS.9I
9,6,I,resolved,955.17,11.78,TICS.9I
9,7,J,resolved,0.1679728,0.0,TICS.9J
9,7,J,resolved,0.26217,6640.0,TICS.9J
9,7,J,resolved,0.36797,8765.0,TICS.9J
9,7,J,resolved,0.56797,8793.0,TICS.9J
9,7,J,resolved,0.76797,7620.0,TICS.9J
9,7,J,resolved,0.96797,6687.0,TICS.9J
9,7,J,resolved,1.168,5885.0,TICS.9J
9,7,J,resolved,2.168,3477.0,TICS.9J
9,7,J,resolved,3.168,2387.0,TICS.9J
9,7,J,resolved,4.168,1840.0,TICS.9J
9,7,J,resolved,5.168,1498.0,TICS.9J
9,7,J,resolved,7.168,1095.0,TICS.9J
9,7,J,resolved,9.168,859.3,TICS.9J
9,7,J,resolved,11.168,707.6,TICS.9J
9,7,J,resolved,13.168,602.3,TICS.9J
9,7,J,resolved,15.168,523.0,TICS.9J
9,7,J,resolved,19.168,417.2,TICS.9J
9,7,J,resolved,23.168,345.3,TICS.9J
9,7,J,resolved,27.168,294.3,TICS.9J
9,7,J,resolved,31.168,256.1,TICS.9J
9,7,J,resolved,35.168,226.3,TICS.9J
9,7,J,resolved,43.168,183.6,TICS.9J
9,7,J,resolved,51.168,154.4,TICS.9J
9,7,J,resolved,59.168,133.4,TICS.9J
9,7,J,resolved,67.168,117.6,TICS.9J
9,7,J,resolved,75.168,105.2,TICS.9J
9,7,J,resolved,91.168,86.7,TICS.9J
9,7,J,resolved,107.17,73.92,TICS.9J
9,7,J,resolved,123.17,64.45,TICS.9J
9,7,J,resolved,139.17,57.14,TICS.9J
9,7,J,resolved,155.17,51.33,TICS.9J
9,7,J,resolved,187.17,42.64,TICS.9J
9,7,J,resolved,219.17,36.51,TICS.9J
9,7,J,resolved,251.17,31.93,TICS.9J
9,7,J,resolved,283.17,28.37,TICS.9J
9,7,J,resolved,315.17,25.54,TICS.9J
9,7,J,resolved,379.17,21.29,TICS.9J
9,7,J,resolved,443.17,18.26,TICS.9J
9,7,J,resolved,507.17,15.99,TICS.9J
9,7,J,resolved,571.17,14.22,TICS.9J
9,7,J,resolved,635.17,12.81,TICS.9J
9,7,J,resolved,699.17,11.66,TICS.9J
9,7,J,resolved,763.17,10.69,TICS.9J
9,7,J,resolved,827.17,9.879,TICS.9J
9,7,J,resolved,891.17,9.18,TICS.9J
9,7,J,resolved,955.17,8.575,TICS.9J
9,8,K,resolved,0.1679728,0.0,TICS.9K
9,8,K,resolved,0.26217,6740.0,TICS.9K
9,8,K,resolved,0.36797,9084.0,TICS.9K
9,8,K,resolved,0.56797,8545.0,TICS.9K
9,8,K,resolved,0.76797,6965.0,TICS.9K
9,8,K,resolved,0.96797,5746.0,TICS.9K
9,8,K,resolved,1.168,4761.0,TICS.9K
9,8,K,resolved,2.168,2132.0,TICS.9K
9,8,K,resolved,3.168,1122.0,TICS.9K
9,8,K,resolved,4.168,703.5,TICS.9K
9,8,K,resolved,5.168,500.2,TICS.9K
9,8,K,resolved,7.168,324.7,TICS.9K
9,8,K,resolved,9.168,242.6,TICS.9K
9,8,K,resolved,11.168,196.5,TICS.9K
9,8,K,resolved,13.168,166.5,TICS.9K
9,8,K,resolved,15.168,143.9,TICS.9K
9,8,K,resolved,19.168,114.6,TICS.9K
9,8,K,resolved,23.168,94.56,TICS.9K
9,8,K,resolved,27.168,80.24,TICS.9K
9,8,K,resolved,31.168,69.49,TICS.9K
9,8,K,resolved,35.168,61.22,TICS.9K
9,8,K,resolved,43.168,49.63,TICS.9K
9,8,K,resolved,51.168,41.81,TICS.9K
9,8,K,resolved,59.168,36.17,TICS.9K
9,8,K,resolved,67.168,31.91,TICS.9K
9,8,K,resolved,75.168,28.56,TICS.9K
9,8,K,resolved,91.168,23.59,TICS.9K
9,8,K,resolved,107.17,20.12,TICS.9K
9,8,K,resolved,123.17,17.54,TICS.9K
9,8,K,resolved,139.17,15.55,TICS.9K
9,8,K,resolved,155.17,13.97,TICS.9K
9,8,K,resolved,187.17,11.62,TICS.9K
9,8,K,resolved,219.17,9.945,TICS.9K
9,8,K,resolved,251.17,8.698,TICS.9K
9,8,K,resolved,283.17,7.73,TICS.9K
9,8,K,resolved,315.17,6.958,TICS.9K
9,8,K,resolved,379.17,5.801,TICS.9K
9,8,K,resolved,443.17,4.976,TICS.9K
9,8,K,resolved,507.17,4.357,TICS.9K
9,8,K,resolved,571.17,3.877,TICS.9K
9,8,K,resolved,635.17,3.492,TICS.9K
9,8,K,resolved,699.17,3.177,TICS.9K
9,8,K,resolved,763.17,2.915,TICS.9K
9,8,K,resolved,827.17,2.693,TICS.9K
9,8,K,resolved,891.17,2.502,TICS.9K
9,8,K,resolved,955.17,2.337,TICS.9K
9,1,P,resolved,0.1679728,0.0,TICS.9P
9,1,P,resolved,0.26217,5515.0,TICS.9P
9,1,P,resolved,0.36797,6441.0,TICS.9P
9,1,P,resolved,0.56797,6681.0,TICS.9P
9,1,P,resolved,0.76797,6173.0,TICS.9P
9,1,P,resolved,0.96797,5738.0,TICS.9P
9,1,P,resolved,1.168,5330.0,TICS.9P
9,1,P,resolved,2.168,3842.0,TICS.9P
9,1,P,resolved,3.168,2969.0,TICS.9P
9,1,P,resolved,4.168,2466.0,TICS.9P
9,1,P,resolved,5.168,2083.0,TICS.9P
9,1,P,resolved,7.168,1615.0,TICS.9P
9,1,P,resolved,9.168,1325.0,TICS.9P
9,1,P,resolved,11.168,1126.0,TICS.9P
9,1,P,resolved,13.168,981.1,TICS.9P
9,1,P,resolved,15.168,870.5,TICS.9P
9,1,P,resolved,19.168,716.6,TICS.9P
9,1,P,resolved,23.168,608.2,TICS.9P
9,1,P,resolved,27.168,529.0,TICS.9P
9,1,P,resolved,31.168,468.3,TICS.9P
9,1,P,resolved,35.168,420.0,TICS.9P
9,1,P,resolved,43.168,348.5,TICS.9P
9,1,P,resolved,51.168,297.4,TICS.9P
9,1,P,resolved,59.168,259.3,TICS.9P
9,1,P,resolved,67.168,230.3,TICS.9P
9,1,P,resolved,75.168,207.7,TICS.9P
9,1,P,resolved,91.168,174.1,TICS.9P
9,1,P,resolved,107.17,150.2,TICS.9P
9,1,P,resolved,123.17,132.3,TICS.9P
9,1,P,resolved,139.17,118.3,TICS.9P
9,1,P,resolved,155.17,107.1,TICS.9P
9,1,P,resolved,187.17,90.12,TICS.9P
9,1,P,resolved,219.17,77.95,TICS.9P
9,1,P,resolved,251.17,68.77,TICS.9P
9,1,P,resolved,283.17,61.58,TICS.9P
9,1,P,resolved,315.17,55.79,TICS.9P
9,1,P,resolved,379.17,47.04,TICS.9P
9,1,P,resolved,443.17,40.73,TICS.9P
9,1,P,resolved,507.17,35.95,TICS.9P
9,1,P,resolved,571.17,32.21,TICS.9P
9,1,P,resolved,635.17,29.19,TICS.9P
9,1,P,resolved,699.17,26.71,TICS.9P
9,1,P,resolved,763.17,24.62,TICS.9P
9,1,P,resolved,827.17,22.85,TICS.9P
9,1,P,resolved,891.17,21.32,TICS.9P
9,1,P,resolved,955.17,19.99,TICS.9P
9,0,S,resolved,0.1679728,0.0,TICS.9S
9,0,S,resolved,0.26217,4928.0,TICS.9S
9,0,S,resolved,0.36797,6157.0,TICS.9S
9,0,S,resolved,0.56797,6451.0,TICS.9S
9,0,S,resolved,0.76797,6089.0,TICS.9S
9,0,S,resolved,0.96797,5661.0,TICS.9S
9,0,S,resolved,1.168,5273.0,TICS.9S
9,0,S,resolved,2.168,3794.0,TICS.9S
9,0,S,resolved,3.168,2928.0,TICS.9S
9,0,S,resolved,4.168,2423.0,TICS.9S
9,0,S,resolved,5.168,2042.0,TICS.9S
9,0,S,resolved,7.168,1578.0,TICS.9S
9,0,S,resolved,9.168,1292.0,TICS.9S
9,0,S,resolved,11.168,1095.0,TICS.9S
9,0,S,resolved,13.168,953.3,TICS.9S
9,0,S,resolved,15.168,845.2,TICS.9S
9,0,S,resolved,19.168,694.8,TICS.9S
9,0,S,resolved,23.168,589.2,TICS.9S
9,0,S,resolved,27.168,512.1,TICS.9S
9,0,S,resolved,31.168,453.1,TICS.9S
9,0,S,resolved,35.168,406.2,TICS.9S
9,0,S,resolved,43.168,336.7,TICS.9S
9,0,S,resolved,51.168,287.1,TICS.9S
9,0,S,resolved,59.168,250.1,TICS.9S
9,0,S,resolved,67.168,222.0,TICS.9S
9,0,S,resolved,75.168,200.2,TICS.9S
9,0,S,resolved,91.168,167.7,TICS.9S
9,0,S,resolved,107.17,144.7,TICS.9S
9,0,S,resolved,123.17,127.4,TICS.9S
9,0,S,resolved,139.17,113.9,TICS.9S
9,0,S,resolved,155.17,103.0,TICS.9S
9,0,S,resolved,187.17,86.72,TICS.9S
9,0,S,resolved,219.17,75.0,TICS.9S
9,0,S,resolved,251.17,66.15,TICS.9S
9,0,S,resolved,283.17,59.23,TICS.9S
9,0,S,resolved,315.17,53.66,TICS.9S
9,0,S,resolved,379.17,45.23,TICS.9S
9,0,S,resolved,443.17,39.16,TICS.9S
9,0,S,resolved,507.17,34.56,TICS.9S
9,0,S,resolved,571.17,30.96,TICS.9S
9,0,S,resolved,635.17,28.06,TICS.9S
9,0,S,resolved,699.17,25.67,TICS.9S
9,0,S,resolved,763.17,23.66,TICS.9S
9,0,S,resolved,827.17,21.96,TICS.9S
9,0,S,resolved,891.17,20.49,TICS.9S
9,0,S,resolved,955.17,19.21,TICS.9S
